table;date_heure;date_propre;heure_propre;duree_milliseconde;duree_seconde;duree_minute;moyenne;amp_max;amp_min;somme_amp;ecart_type;indice_duree;indice_amplitude;id_debut;id_fin;avisaro;signal;periode;traitement
avisaro_20160901;1472709717;01/09/2016;08:01:57;3975;4.0;0.1;53;302;16;8450;46.08;3;3190;507241;507400;002;1;2;16.00
avisaro_20160901;1472709828;01/09/2016;08:03:48;8975;9.0;0.1;45;212;14;16012;21.43;6;4391;511681;512040;002;2;2;16.00
avisaro_20160901;1472709837;01/09/2016;08:03:57;4975;5.0;0.1;44;68;26;8637;6.88;4;3225;512041;512240;002;3;2;16.00
avisaro_20160901;1472709842;01/09/2016;08:04:02;50977;51.0;0.8;53;241;29;107491;13.08;36;11379;512241;514280;002;4;2;16.00
avisaro_20160901;1472709988;01/09/2016;08:06:28;3975;4.0;0.1;51;88;24;8152;14.40;3;3133;518081;518240;002;5;2;16.00
avisaro_20160901;1472709992;01/09/2016;08:06:32;1975;2.0;0.0;44;80;24;3484;9.68;1;2048;518241;518320;002;6;2;16.00
avisaro_20160901;1472709995;01/09/2016;08:06:35;1975;2.0;0.0;44;74;25;3497;8.37;1;2052;518361;518440;002;7;2;16.00
avisaro_20160901;1472709998;01/09/2016;08:06:38;29975;30.0;0.5;63;163;20;74863;26.44;21;9500;518481;519680;002;8;2;16.00
avisaro_20160901;1472710063;01/09/2016;08:07:43;10975;11.0;0.2;78;161;15;34131;26.68;8;10589;521081;521520;002;9;2;16.00
avisaro_20160901;1472710238;01/09/2016;08:10:38;37975;38.0;0.6;74;238;17;112111;22.07;27;19192;528081;529600;002;10;2;16.00
avisaro_20160901;1472710373;01/09/2016;08:12:53;4975;5.0;0.1;79;362;17;15734;102.98;4;8874;533481;533680;002;11;2;16.00
avisaro_20160901;1472710477;01/09/2016;08:14:37;52976;53.0;0.9;47;107;27;99293;7.04;37;10934;537641;539760;002;12;2;16.00
avisaro_20160901;1472714903;01/09/2016;09:28:23;79976;80.0;1.3;49;74;34;155439;5.90;57;13680;714681;717880;002;13;2;16.00
avisaro_20160901;1472714984;01/09/2016;09:29:44;3975;4.0;0.1;43;57;35;6879;4.46;3;2878;717921;718080;002;14;2;16.00
avisaro_20160901;1472715016;01/09/2016;09:30:16;1975;2.0;0.0;43;50;35;3426;3.49;1;2031;719201;719280;002;15;3;16.00
avisaro_20160901;1472728336;01/09/2016;13:12:16;17781233;17781.2;296.4;78;363;18;55350372;4.64;12573;426443;1252001;1963240;002;16;4;16.00
avisaro_20160901;1472748131;01/09/2016;18:42:11;2975;3.0;0.0;48;78;25;5660;11.17;2;2610;2043801;2043920;002;17;4;16.00
avisaro_20160901;1472748293;01/09/2016;18:44:53;2975;3.0;0.0;49;365;15;5797;68.04;2;3449;2050281;2050400;002;18;4;16.00
avisaro_20160901;1472748348;01/09/2016;18:45:48;14982;15.0;0.2;56;363;28;33362;40.00;11;6343;2052481;2053080;002;19;4;16.00
avisaro_20160901;1472748399;01/09/2016;18:46:39;1329997;1330.0;22.2;49;364;28;2597293;9.77;940;55967;2054521;2107720;002;20;4;16.00
avisaro_20160901;1472749729;01/09/2016;19:08:49;8920120;8920.1;148.7;49;326;14;17293143;4.10;6307;144355;2107721;2464520;002;21;4;16.00
avisaro_20160901;1472763121;01/09/2016;22:52:01;11975;12.0;0.2;48;238;17;22703;23.30;8;5228;2643361;2643840;002;22;4;16.00
avisaro_20160901;1472763134;01/09/2016;22:52:14;2975;3.0;0.0;44;79;29;5214;7.97;2;2506;2643881;2644000;002;23;4;16.00
avisaro_20160901;1472763137;01/09/2016;22:52:17;53975;54.0;0.9;56;149;30;119508;11.35;38;12000;2644001;2646160;002;24;4;16.00
avisaro_20160901;1472764684;01/09/2016;23:18:04;2975;3.0;0.0;49;360;17;5776;66.73;2;3443;2705881;2706000;002;25;4;16.00
avisaro_20160901;1472764713;01/09/2016;23:18:33;2975;3.0;0.0;50;356;18;5917;70.67;2;3484;2707041;2707160;002;26;4;16.00
avisaro_20160901;1472764747;01/09/2016;23:19:07;2975;3.0;0.0;47;342;16;5640;68.02;2;3402;2708401;2708520;002;27;4;16.00
avisaro_20160901;1472764754;01/09/2016;23:19:14;2975;3.0;0.0;44;94;24;5259;16.36;2;2516;2708681;2708800;002;28;4;16.00
avisaro_20160901;1472764788;01/09/2016;23:19:48;2975;3.0;0.0;48;325;17;5663;61.10;2;3409;2710041;2710160;002;29;4;16.00
avisaro_20160901;1472764823;01/09/2016;23:20:23;3975;4.0;0.1;63;349;17;9926;68.82;3;4514;2711441;2711600;002;30;4;16.00
avisaro_20160901;1472764843;01/09/2016;23:20:43;3975;4.0;0.1;55;327;21;8722;52.89;3;3241;2712241;2712400;002;31;4;16.00
avisaro_20160902;1472796581;02/09/2016;08:09:41;1975;2.0;0.0;97;359;48;7697;74.07;1;6207;526321;526400;002;1;2;16.00
avisaro_20160902;1472813944;02/09/2016;12:59:04;84976;85.0;1.4;95;124;77;322135;8.15;60;32533;1220841;1224240;002;2;4;16.00
avisaro_20160902;1472814039;02/09/2016;13:00:39;1975;2.0;0.0;86;96;77;6847;4.50;1;4743;1224641;1224720;002;3;4;16.00
avisaro_20160902;1472814041;02/09/2016;13:00:41;2976;3.0;0.0;86;93;78;10263;4.14;2;5806;1224721;1224840;002;4;4;16.00
avisaro_20160902;1472814048;02/09/2016;13:00:48;1975;2.0;0.0;86;92;78;6859;3.57;1;4747;1225001;1225080;002;5;4;16.00
avisaro_20160902;1472815828;02/09/2016;13:30:28;2975;3.0;0.0;107;329;68;12789;65.31;2;9679;1296201;1296320;002;6;4;16.00
avisaro_20160902;1472815831;02/09/2016;13:30:31;2975;3.0;0.0;96;333;62;11520;54.84;2;7593;1296321;1296440;002;7;4;16.00
avisaro_20160902;1472818674;02/09/2016;14:17:54;15975;16.0;0.3;88;111;76;56033;5.14;11;13567;1410041;1410680;002;8;4;16.00
avisaro_20160902;1472818691;02/09/2016;14:18:11;1975;2.0;0.0;86;95;79;6862;3.45;1;4748;1410721;1410800;002;9;4;16.00
avisaro_20160902;1472820434;02/09/2016;14:47:14;23975;24.0;0.4;89;111;77;85001;4.89;17;16711;1480441;1481400;002;10;5;16.00
avisaro_20160902;1472820460;02/09/2016;14:47:40;36975;37.0;0.6;89;111;77;131297;4.82;26;20770;1481481;1482960;002;11;5;16.00
avisaro_20160902;1472820498;02/09/2016;14:48:18;3975;4.0;0.1;86;96;79;13747;3.96;3;6720;1483001;1483160;002;12;5;16.00
avisaro_20160902;1472820502;02/09/2016;14:48:22;16975;17.0;0.3;88;119;78;59463;4.91;12;13976;1483161;1483840;002;13;5;16.00
avisaro_20160902;1472820521;02/09/2016;14:48:41;33977;34.0;0.6;89;253;73;120686;9.00;24;19911;1483921;1485280;002;14;5;16.00
avisaro_20160902;1472820556;02/09/2016;14:49:16;4975;5.0;0.1;86;94;78;17133;3.88;4;7502;1485321;1485520;002;15;5;16.00
avisaro_20160902;1472829173;02/09/2016;17:12:53;18976;19.0;0.3;90;107;78;68295;5.42;13;14979;1830001;1830760;002;16;5;16.00
avisaro_20160902;1472829820;02/09/2016;17:23:40;94975;95.0;1.6;96;176;78;361433;9.92;67;34460;1855881;1859680;002;17;5;16.00
avisaro_20160902;1472829918;02/09/2016;17:25:18;4975;5.0;0.1;87;102;77;17274;5.05;4;7533;1859801;1860000;002;18;5;16.00
avisaro_20160902;1472829923;02/09/2016;17:25:23;1975;2.0;0.0;86;97;78;6847;4.00;1;4743;1860001;1860080;002;19;5;16.00
avisaro_20160902;1472836614;02/09/2016;19:16:54;21975;22.0;0.4;90;122;77;78814;5.98;16;16092;2127641;2128520;002;20;5;16.00
avisaro_20160902;1472836636;02/09/2016;19:17:16;2975;3.0;0.0;86;98;77;10277;3.95;2;5810;2128521;2128640;002;21;5;16.00
avisaro_20160902;1472836643;02/09/2016;19:17:23;42975;43.0;0.7;91;138;76;156380;6.10;30;22667;2128801;2130520;002;22;5;16.00
avisaro_20160903;1472885566;03/09/2016;08:52:46;3975;4.0;0.1;30;64;15;4660;11.95;3;1742;629721;629880;002;1;2;16.00
avisaro_20160903;1472885591;03/09/2016;08:53:11;21975;22.0;0.4;54;263;12;46692;22.13;16;7499;630721;631600;002;2;2;16.00
avisaro_20160903;1472888504;03/09/2016;09:41:44;415980;416.0;6.9;56;211;16;921574;12.08;294;33324;747241;763880;002;3;3;16.00
avisaro_20160903;1472889018;03/09/2016;09:50:18;83976;84.0;1.4;47;85;18;156993;8.23;59;13748;767801;771160;002;4;3;16.00
avisaro_20160903;1472889160;03/09/2016;09:52:40;18975;19.0;0.3;39;85;16;29285;9.41;13;4366;773481;774240;002;5;3;16.00
avisaro_20160903;1472889327;03/09/2016;09:55:27;3975;4.0;0.1;51;353;15;8093;66.13;3;4075;780161;780320;002;6;3;16.00
avisaro_20160903;1472889338;03/09/2016;09:55:38;3975;4.0;0.1;52;355;16;8169;70.64;3;3137;780601;780760;002;7;3;16.00
avisaro_20160903;1472889394;03/09/2016;09:56:34;17975;18.0;0.3;35;353;13;25168;28.05;13;4051;782841;783560;002;8;3;16.00
avisaro_20160903;1472890375;03/09/2016;10:12:55;9975;10.0;0.2;27;34;19;10701;3.12;7;1836;822081;822480;002;9;3;16.00
avisaro_20160903;1472890416;03/09/2016;10:13:36;1975;2.0;0.0;27;36;17;2119;3.95;1;817;823721;823800;002;10;3;16.00
avisaro_20160903;1472890452;03/09/2016;10:14:12;1975;2.0;0.0;26;31;18;2041;3.22;1;802;825161;825240;002;11;3;16.00
avisaro_20160903;1472890491;03/09/2016;10:14:51;1975;2.0;0.0;26;33;18;2067;3.71;1;807;826721;826800;002;12;3;16.00
avisaro_20160903;1472890515;03/09/2016;10:15:15;8462120;8462.1;141.0;39;357;16;13084296;4.50;5984;92363;827681;1166160;002;13;3;16.00
avisaro_20160903;1472899386;03/09/2016;12:43:06;8975;9.0;0.1;32;191;14;11304;16.54;6;2713;1182521;1182880;002;14;4;16.00
avisaro_20160903;1472899685;03/09/2016;12:48:05;2975;3.0;0.0;34;244;15;4003;39.52;2;1614;1194481;1194600;002;15;4;16.00
avisaro_20160903;1472899696;03/09/2016;12:48:16;1975;2.0;0.0;26;69;15;2049;8.95;1;803;1194921;1195000;002;16;4;16.00
avisaro_20160903;1472900057;03/09/2016;12:54:17;2975;3.0;0.0;30;189;13;3518;26.69;2;1513;1209361;1209480;002;17;4;16.00
avisaro_20160903;1472900356;03/09/2016;12:59:16;1975;2.0;0.0;28;88;16;2184;10.57;1;829;1221321;1221400;002;18;4;16.00
avisaro_20160903;1472900614;03/09/2016;13:03:34;2975;3.0;0.0;26;139;13;3078;18.75;2;985;1231641;1231760;002;19;4;16.00
avisaro_20160903;1472907292;03/09/2016;14:54:52;6976;7.0;0.1;50;185;14;13791;33.63;5;3000;1498761;1499040;002;20;5;16.00
avisaro_20160903;1472907300;03/09/2016;14:55:00;48976;49.0;0.8;85;335;13;166162;25.83;35;23365;1499081;1501040;002;21;5;16.00
avisaro_20160903;1472907356;03/09/2016;14:55:56;4975;5.0;0.1;53;354;12;10568;59.71;4;1832;1501321;1501520;002;22;5;16.00
avisaro_20160903;1472907367;03/09/2016;14:56:07;5975;6.0;0.1;60;347;12;14263;73.23;4;5410;1501761;1502000;002;23;5;16.00
avisaro_20160903;1472908026;03/09/2016;15:07:06;1975;2.0;0.0;26;61;14;2052;7.49;1;804;1528121;1528200;002;24;5;16.00
avisaro_20160903;1472908180;03/09/2016;15:09:40;43975;44.0;0.7;34;83;13;58389;11.15;31;4295;1534281;1536040;002;25;5;16.00
avisaro_20160903;1472908224;03/09/2016;15:10:24;2976;3.0;0.0;26;34;18;3058;3.91;2;981;1536041;1536160;002;26;5;16.00
avisaro_20160903;1472909577;03/09/2016;15:32:57;39975;40.0;0.7;31;80;15;49461;9.60;28;3953;1590161;1591760;002;27;5;16.00
avisaro_20160903;1472909630;03/09/2016;15:33:50;20975;21.0;0.3;38;362;16;31234;47.10;15;3147;1592281;1593120;002;28;5;16.00
avisaro_20160903;1472910344;03/09/2016;15:45:44;6975;7.0;0.1;43;89;12;12014;16.73;5;1948;1620841;1621120;002;29;5;16.00
avisaro_20160903;1472913601;03/09/2016;16:40:01;34977;35.0;0.6;34;362;16;47249;33.21;25;3870;1751121;1752520;002;30;5;16.00
avisaro_20160903;1472915353;03/09/2016;17:09:13;153978;154.0;2.6;42;236;17;253523;16.12;109;8958;1821201;1827360;002;31;5;16.00
avisaro_20160903;1472915915;03/09/2016;17:18:35;68976;69.0;1.1;36;358;19;97116;18.00;49;5544;1843681;1846440;002;32;5;16.00
avisaro_20160903;1472917354;03/09/2016;17:42:34;14975;15.0;0.2;33;364;14;19421;31.97;11;2477;1901241;1901840;002;33;6;16.00
avisaro_20160903;1472917374;03/09/2016;17:42:54;4975;5.0;0.1;32;166;15;6386;22.62;4;2039;1902041;1902240;002;34;6;16.00
avisaro_20160903;1472917383;03/09/2016;17:43:03;6975;7.0;0.1;31;137;15;8501;16.29;5;1636;1902401;1902680;002;35;6;16.00
avisaro_20160903;1472917592;03/09/2016;17:46:32;28976;29.0;0.5;35;141;17;40082;9.24;21;5108;1910761;1911920;002;36;6;16.00
avisaro_20160903;1472919573;03/09/2016;18:19:33;353981;354.0;5.9;57;257;18;794192;12.84;250;30935;1990001;2004160;002;37;6;16.00
avisaro_20160903;1472919938;03/09/2016;18:25:38;1975;2.0;0.0;26;30;20;2043;2.78;1;802;2004601;2004680;002;38;6;16.00
avisaro_20160903;1472919991;03/09/2016;18:26:31;220978;221.0;3.7;53;91;19;463583;8.69;156;23625;2006721;2015560;002;39;6;16.00
avisaro_20160903;1472920525;03/09/2016;18:35:25;5975;6.0;0.1;36;74;17;8487;12.72;4;2351;2028081;2028320;002;40;6;16.00
avisaro_20160903;1472920650;03/09/2016;18:37:30;4975;5.0;0.1;36;192;16;7026;26.39;4;2139;2033081;2033280;002;41;6;16.00
avisaro_20160903;1472920668;03/09/2016;18:37:48;46977;47.0;0.8;38;276;15;71316;16.80;33;6819;2033801;2035680;002;42;6;16.00
avisaro_20160903;1472924792;03/09/2016;19:46:32;3975;4.0;0.1;49;351;16;7828;56.01;3;2260;2198761;2198920;002;43;6;16.00
avisaro_20160903;1472924834;03/09/2016;19:47:14;7975;8.0;0.1;79;365;13;25034;96.23;6;9070;2200441;2200760;002;44;6;16.00
avisaro_20160903;1472924842;03/09/2016;19:47:22;4975;5.0;0.1;63;365;11;12502;88.22;4;5066;2200761;2200960;002;45;6;16.00
avisaro_20160903;1472924852;03/09/2016;19:47:32;2975;3.0;0.0;30;54;13;3562;8.04;2;1523;2201161;2201280;002;46;6;16.00
avisaro_20160903;1472928415;03/09/2016;20:46:55;77975;78.0;1.3;39;243;16;119739;17.63;55;6156;2343681;2346800;002;47;6;16.00
avisaro_20160903;1472937068;03/09/2016;23:11:08;2975;3.0;0.0;26;70;16;3027;7.94;2;976;2689761;2689880;002;48;6;16.00
avisaro_20160903;1472937100;03/09/2016;23:11:40;11975;12.0;0.2;55;216;12;26357;25.96;8;4145;2691041;2691520;002;49;6;16.00
avisaro_20160903;1472937204;03/09/2016;23:13:24;6976;7.0;0.1;29;52;16;7915;5.82;5;1579;2695201;2695480;002;50;6;16.00
avisaro_20160903;1472939454;03/09/2016;23:50:54;17976;18.0;0.3;50;100;14;35710;15.86;13;6557;2785201;2785920;002;51;6;16.00
avisaro_20160904;1472977519;04/09/2016;10:25:19;3975;4.0;0.1;55;102;20;8758;15.52;3;3247;851201;851360;002;1;3;16.00
avisaro_20160904;1472977632;04/09/2016;10:27:12;15975;16.0;0.3;50;191;12;31395;16.92;11;6148;855721;856360;002;2;3;16.00
avisaro_20160904;1472977656;04/09/2016;10:27:36;8975;9.0;0.1;74;361;24;26292;74.71;6;7347;856681;857040;002;3;3;16.00
avisaro_20160904;1472977667;04/09/2016;10:27:47;20975;21.0;0.3;68;361;27;56814;49.88;15;8278;857121;857960;002;4;3;16.00
avisaro_20160904;1472978304;04/09/2016;10:38:24;2975;3.0;0.0;48;352;11;5681;69.38;2;3414;882601;882720;002;5;3;16.00
avisaro_20160904;1472978316;04/09/2016;10:38:36;3975;4.0;0.1;45;57;31;7173;5.39;3;2939;883081;883240;002;6;3;16.00
avisaro_20160904;1472978320;04/09/2016;10:38:40;2975;3.0;0.0;45;154;26;5372;20.93;2;2543;883241;883360;002;7;3;16.00
avisaro_20160904;1472978638;04/09/2016;10:43:58;3975;4.0;0.1;57;361;13;8973;77.37;3;4291;895961;896120;002;8;3;16.00
avisaro_20160904;1472978644;04/09/2016;10:44:04;6975;7.0;0.1;58;359;22;16134;58.95;5;4410;896201;896480;002;9;3;16.00
avisaro_20160904;1472978688;04/09/2016;10:44:48;3975;4.0;0.1;55;89;17;8750;14.17;3;4237;897961;898120;002;10;3;16.00
avisaro_20160904;1472978896;04/09/2016;10:48:16;2975;3.0;0.0;51;159;12;6033;23.68;2;2695;906281;906400;002;11;3;16.00
avisaro_20160904;1472978926;04/09/2016;10:48:46;5975;6.0;0.1;56;85;20;13325;9.68;4;4005;907481;907720;002;12;3;16.00
avisaro_20160904;1472978970;04/09/2016;10:49:30;2975;3.0;0.0;47;151;14;5532;23.77;2;2581;909241;909360;002;13;3;16.00
avisaro_20160904;1472979583;04/09/2016;10:59:43;2975;3.0;0.0;45;60;34;5305;5.08;2;2527;933761;933880;002;14;3;16.00
avisaro_20160904;1472979904;04/09/2016;11:05:04;1975;2.0;0.0;46;64;29;3643;7.42;1;2094;946601;946680;002;15;3;16.00
avisaro_20160904;1472980220;04/09/2016;11:10:20;71976;72.0;1.2;46;54;38;130381;3.64;51;12529;959241;962120;002;16;3;16.00
avisaro_20160904;1472980292;04/09/2016;11:11:32;47976;48.0;0.8;46;54;37;86760;3.57;34;10221;962121;964040;002;17;3;16.00
avisaro_20160904;1472980342;04/09/2016;11:12:22;98976;99.0;1.6;46;54;37;179373;3.70;70;14696;964121;968080;002;18;3;16.00
avisaro_20160904;1472980443;04/09/2016;11:14:03;2975;3.0;0.0;45;52;38;5334;4.07;2;2534;968161;968280;002;19;3;16.00
avisaro_20160904;1472980446;04/09/2016;11:14:06;3975;4.0;0.1;45;52;38;7134;4.00;3;2931;968281;968440;002;20;3;16.00
avisaro_20160904;1472980452;04/09/2016;11:14:12;12975;13.0;0.2;45;51;38;23269;3.10;9;5293;968521;969040;002;21;3;16.00
avisaro_20160904;1472980465;04/09/2016;11:14:25;25976;26.0;0.4;46;52;38;46877;3.32;18;7513;969041;970080;002;22;3;16.00
avisaro_20160904;1472980492;04/09/2016;11:14:52;8975;9.0;0.1;45;51;39;16090;3.11;6;4401;970121;970480;002;23;3;16.00
avisaro_20160904;1472980501;04/09/2016;11:15:01;5975;6.0;0.1;45;52;40;10696;2.95;4;3589;970481;970720;002;24;3;16.00
avisaro_20160904;1472980507;04/09/2016;11:15:07;3975;4.0;0.1;45;50;40;7126;2.86;3;2929;970721;970880;002;25;3;16.00
avisaro_20160904;1472980541;04/09/2016;11:15:41;9975;10.0;0.2;45;52;37;17929;3.66;7;4646;972081;972480;002;26;3;16.00
avisaro_20160904;1472980556;04/09/2016;11:15:56;4975;5.0;0.1;45;51;38;8937;3.86;4;3280;972681;972880;002;27;3;16.00
avisaro_20160904;1472980571;04/09/2016;11:16:11;3975;4.0;0.1;45;51;38;7155;3.50;3;2935;973281;973440;002;28;3;16.00
avisaro_20160904;1472980613;04/09/2016;11:16:53;1975;2.0;0.0;45;49;38;3568;3.37;1;2073;974961;975040;002;29;3;16.00
avisaro_20160904;1472994862;04/09/2016;15:14:22;2975;3.0;0.0;44;142;35;5247;14.14;2;2513;1544921;1545040;002;30;3;16.00
avisaro_20160904;1472995019;04/09/2016;15:16:59;16975;17.0;0.3;48;58;37;32114;4.03;12;6218;1551201;1551880;002;31;3;16.00
avisaro_20160904;1472995038;04/09/2016;15:17:18;92976;93.0;1.5;52;78;37;191355;7.39;66;15182;1551961;1555680;002;32;3;16.00
avisaro_20160904;1472996131;04/09/2016;15:35:31;10975;11.0;0.2;47;55;38;20506;4.18;8;4969;1595681;1596120;002;33;3;16.00
avisaro_20160904;1472996149;04/09/2016;15:35:49;82976;83.0;1.4;49;67;38;161840;4.71;59;13959;1596401;1599720;002;34;3;16.00
avisaro_20160904;1472996234;04/09/2016;15:37:14;4975;5.0;0.1;46;52;37;9021;3.56;4;3296;1599801;1600000;002;35;3;16.00
avisaro_20160904;1472996242;04/09/2016;15:37:22;4975;5.0;0.1;45;51;37;8993;3.24;4;3291;1600121;1600320;002;36;3;16.00
avisaro_20160904;1472996252;04/09/2016;15:37:32;1976;2.0;0.0;45;50;38;3567;3.12;1;2072;1600521;1600600;002;37;3;16.00
avisaro_20160904;1472996259;04/09/2016;15:37:39;2975;3.0;0.0;45;50;38;5366;3.10;2;2542;1600801;1600920;002;38;3;16.00
avisaro_20160904;1472996270;04/09/2016;15:37:50;2975;3.0;0.0;45;49;38;5356;3.04;2;2539;1601241;1601360;002;39;3;16.00
avisaro_20160904;1473003679;04/09/2016;17:41:19;14975;15.0;0.2;49;62;37;28815;4.62;11;5890;1897601;1898200;002;40;6;16.00
avisaro_20160904;1473003694;04/09/2016;17:41:34;77976;78.0;1.3;52;77;37;161329;7.00;55;13940;1898201;1901320;002;41;6;16.00
avisaro_20160904;1473003774;04/09/2016;17:42:54;2975;3.0;0.0;45;51;38;5373;4.11;2;2543;1901401;1901520;002;42;6;16.00
avisaro_20160904;1473003794;04/09/2016;17:43:14;2975;3.0;0.0;45;50;38;5333;3.25;2;2534;1902201;1902320;002;43;6;16.00
avisaro_20160904;1473004413;04/09/2016;17:53:33;2976;3.0;0.0;44;251;16;5236;38.40;2;2511;1926961;1927080;002;44;6;16.00
avisaro_20160904;1473004701;04/09/2016;17:58:21;3975;4.0;0.1;56;363;15;8916;58.46;3;4277;1938481;1938640;002;45;6;16.00
avisaro_20160904;1473004714;04/09/2016;17:58:34;2975;3.0;0.0;55;341;14;6508;66.65;2;3654;1939001;1939120;002;46;6;16.00
avisaro_20160904;1473004718;04/09/2016;17:58:38;2975;3.0;0.0;52;351;16;6171;63.09;2;3558;1939161;1939280;002;47;6;16.00
avisaro_20160904;1473004721;04/09/2016;17:58:41;1975;2.0;0.0;52;129;32;4088;18.60;1;2219;1939281;1939360;002;48;6;16.00
avisaro_20160904;1473004814;04/09/2016;18:00:14;3975;4.0;0.1;55;352;16;8671;68.06;3;3232;1943001;1943160;002;49;6;16.00
avisaro_20160904;1473004825;04/09/2016;18:00:25;2975;3.0;0.0;55;281;19;6580;52.45;2;3675;1943441;1943560;002;50;6;16.00
avisaro_20160904;1473013176;04/09/2016;20:19:36;58975;59.0;1.0;79;261;16;185460;21.93;42;14952;2277481;2279840;002;51;6;16.00
avisaro_20160904;1473014287;04/09/2016;20:38:07;2975;3.0;0.0;48;253;17;5659;40.49;2;3408;2321921;2322040;002;52;6;16.00
avisaro_20160904;1473014292;04/09/2016;20:38:12;15975;16.0;0.3;50;194;22;31844;14.52;11;6192;2322121;2322760;002;53;6;16.00
avisaro_20160904;1473014803;04/09/2016;20:46:43;1975;2.0;0.0;45;83;30;3569;9.19;1;2073;2342561;2342640;002;54;6;16.00
avisaro_20160904;1473014839;04/09/2016;20:47:19;2975;3.0;0.0;49;76;25;5828;10.75;2;2649;2344001;2344120;002;55;6;16.00
avisaro_20160904;1473014842;04/09/2016;20:47:22;2975;3.0;0.0;58;325;17;6881;66.13;2;4754;2344121;2344240;002;56;6;16.00
avisaro_20160904;1473014846;04/09/2016;20:47:26;2975;3.0;0.0;91;364;20;10842;106.25;2;8912;2344281;2344400;002;57;6;16.00
avisaro_20160904;1473014972;04/09/2016;20:49:32;1975;2.0;0.0;46;73;31;3607;8.73;1;2084;2349321;2349400;002;58;6;16.00
avisaro_20160904;1473015075;04/09/2016;20:51:15;1975;2.0;0.0;51;112;21;4029;17.59;1;2202;2353441;2353520;002;59;6;16.00
avisaro_20160904;1473015147;04/09/2016;20:52:27;1975;2.0;0.0;45;70;28;3571;8.53;1;2074;2356321;2356400;002;60;6;16.00
avisaro_20160904;1473015167;04/09/2016;20:52:47;5975;6.0;0.1;53;114;19;12496;17.35;4;5064;2357121;2357360;002;61;6;16.00
avisaro_20160904;1473015198;04/09/2016;20:53:18;1975;2.0;0.0;46;67;32;3623;7.95;1;2089;2358361;2358440;002;62;6;16.00
avisaro_20160904;1473015208;04/09/2016;20:53:28;1975;2.0;0.0;45;64;32;3576;7.37;1;2075;2358761;2358840;002;63;6;16.00
avisaro_20160904;1473015215;04/09/2016;20:53:35;3975;4.0;0.1;46;63;29;7276;7.55;3;2960;2359041;2359200;002;64;6;16.00
avisaro_20160904;1473015220;04/09/2016;20:53:40;2975;3.0;0.0;45;61;30;5381;7.06;2;2545;2359241;2359360;002;65;6;16.00
avisaro_20160904;1473015224;04/09/2016;20:53:44;10975;11.0;0.2;46;75;29;20082;8.46;8;4917;2359401;2359840;002;66;6;16.00
avisaro_20160904;1473015275;04/09/2016;20:54:35;25976;26.0;0.4;47;77;29;48405;7.95;18;7634;2361441;2362480;002;67;6;16.00
avisaro_20160904;1473015530;04/09/2016;20:58:50;6975;7.0;0.1;102;364;19;28478;109.73;5;7648;2371641;2371920;002;68;6;16.00
avisaro_20160904;1473015573;04/09/2016;20:59:33;29975;30.0;0.5;50;84;24;58851;8.79;21;8418;2373361;2374560;002;69;6;16.00
avisaro_20160904;1473015612;04/09/2016;21:00:12;3975;4.0;0.1;50;111;30;7904;9.86;3;3085;2374921;2375080;002;70;6;16.00
avisaro_20160904;1473015664;04/09/2016;21:01:04;14975;15.0;0.2;59;364;20;35287;54.86;11;6522;2377001;2377600;002;71;6;16.00
avisaro_20160904;1473015680;04/09/2016;21:01:20;8976;9.0;0.1;66;364;28;23721;67.22;6;5347;2377641;2378000;002;72;6;16.00
avisaro_20160904;1473016002;04/09/2016;21:06:42;16975;17.0;0.3;63;109;21;42426;15.53;12;9330;2390521;2391200;002;73;6;16.00
avisaro_20160904;1473016619;04/09/2016;21:16:59;12975;13.0;0.2;58;96;22;29895;13.06;9;7832;2415201;2415720;002;74;6;16.00
avisaro_20160904;1473017823;04/09/2016;21:37:03;4975;5.0;0.1;50;149;22;9966;19.88;4;4522;2463361;2463560;002;75;7;16.00
avisaro_20160904;1473017926;04/09/2016;21:38:46;17975;18.0;0.3;71;152;22;50732;19.52;13;10204;2467481;2468200;002;76;7;16.00
avisaro_20160904;1473017962;04/09/2016;21:39:22;2975;3.0;0.0;55;90;25;6507;18.11;2;3654;2468921;2469040;002;77;7;16.00
avisaro_20160904;1473017998;04/09/2016;21:39:58;2975;3.0;0.0;50;85;24;5917;16.18;2;2669;2470361;2470480;002;78;7;16.00
avisaro_20160904;1473018005;04/09/2016;21:40:05;3975;4.0;0.1;54;108;23;8570;21.47;3;4194;2470641;2470800;002;79;7;16.00
avisaro_20160904;1473019525;04/09/2016;22:05:25;3975;4.0;0.1;58;358;22;9211;55.66;3;4348;2531441;2531600;002;80;7;16.00
avisaro_20160904;1473019538;04/09/2016;22:05:38;2975;3.0;0.0;58;357;21;6936;65.59;2;3773;2531961;2532080;002;81;7;16.00
avisaro_20160904;1473019607;04/09/2016;22:06:47;8975;9.0;0.1;48;89;26;16935;7.60;6;4515;2534721;2535080;002;82;7;16.00
avisaro_20160904;1473023185;04/09/2016;23:06:25;3976;4.0;0.1;54;178;22;8516;34.77;3;4180;2677801;2677960;002;83;7;16.00
avisaro_20160904;1473024793;04/09/2016;23:33:13;72976;73.0;1.2;58;272;22;166698;16.30;52;14173;2742121;2745040;002;84;7;16.00
avisaro_20160905;1473053635;05/09/2016;07:33:55;165977;166.0;2.8;44;224;23;290266;15.56;117;13762;440321;446960;002;1;2;16.00
avisaro_20160905;1473053878;05/09/2016;07:37:58;64976;65.0;1.1;52;131;24;133036;16.83;46;9313;450041;452640;002;2;2;16.00
avisaro_20160905;1473053949;05/09/2016;07:39:09;1975;2.0;0.0;32;36;26;2530;3.09;1;1283;452881;452960;002;3;2;16.00
avisaro_20160905;1473054047;05/09/2016;07:40:47;1975;2.0;0.0;32;39;23;2526;4.10;1;1282;456801;456880;002;4;2;16.00
avisaro_20160905;1473054051;05/09/2016;07:40:51;48976;49.0;0.8;62;138;24;119637;22.97;35;8835;456961;458920;002;5;2;16.00
avisaro_20160905;1473054173;05/09/2016;07:42:53;4975;5.0;0.1;83;363;24;16463;97.42;4;9077;461841;462040;002;6;2;16.00
avisaro_20160905;1473054190;05/09/2016;07:43:10;4975;5.0;0.1;37;62;23;7238;7.54;4;2171;462521;462720;002;7;2;16.00
avisaro_20160905;1473060061;05/09/2016;09:21:01;16975;17.0;0.3;36;238;18;24284;19.15;12;3978;697361;698040;002;8;2;16.00
avisaro_20160905;1473060083;05/09/2016;09:21:23;26976;27.0;0.4;43;110;22;45467;10.10;19;5443;698241;699320;002;9;2;16.00
avisaro_20160905;1473060450;05/09/2016;09:27:30;2975;3.0;0.0;32;76;24;3839;9.88;2;1581;712921;713040;002;10;2;16.00
avisaro_20160905;1473060453;05/09/2016;09:27:33;17975;18.0;0.3;59;114;21;42268;17.73;13;9313;713041;713760;002;11;2;16.00
avisaro_20160905;1473060477;05/09/2016;09:27:57;2975;3.0;0.0;32;36;26;3790;2.67;2;1571;714001;714120;002;12;2;16.00
avisaro_20160905;1473060486;05/09/2016;09:28:06;1975;2.0;0.0;32;37;25;2524;3.71;1;1282;714361;714440;002;13;2;16.00
avisaro_20160905;1473060489;05/09/2016;09:28:09;3976;4.0;0.1;32;37;25;5045;3.43;3;1812;714481;714640;002;14;2;16.00
avisaro_20160905;1473060821;05/09/2016;09:33:41;5975;6.0;0.1;42;85;21;9896;15.92;4;2540;727761;728000;002;15;3;16.00
avisaro_20160905;1473060852;05/09/2016;09:34:12;38976;39.0;0.6;47;123;24;72328;18.70;28;6867;729001;730560;002;16;3;16.00
avisaro_20160905;1473060895;05/09/2016;09:34:55;2975;3.0;0.0;32;37;27;3783;2.59;2;1569;730721;730840;002;17;3;16.00
avisaro_20160905;1473069750;05/09/2016;12:02:30;71976;72.0;1.2;47;254;13;133399;15.82;51;9326;1084921;1087800;002;18;4;16.00
avisaro_20160905;1473070918;05/09/2016;12:21:58;5975;6.0;0.1;47;171;12;11145;32.03;4;3663;1131641;1131880;002;19;4;16.00
avisaro_20160905;1473070928;05/09/2016;12:22:08;16976;17.0;0.3;51;91;15;34616;15.49;12;6456;1132041;1132720;002;20;4;16.00
avisaro_20160905;1473070959;05/09/2016;12:22:39;3975;4.0;0.1;37;76;17;5857;14.65;3;1953;1133281;1133440;002;21;4;16.00
avisaro_20160905;1473070980;05/09/2016;12:23:00;4975;5.0;0.1;80;361;15;15845;97.47;4;4372;1134121;1134320;002;22;4;16.00
avisaro_20160905;1473072979;05/09/2016;12:56:19;6975;7.0;0.1;46;169;14;12603;22.16;5;3895;1214081;1214360;002;23;4;16.00
avisaro_20160905;1473073040;05/09/2016;12:57:20;63976;64.0;1.1;46;174;15;115701;10.97;45;8682;1216521;1219080;002;24;4;16.00
avisaro_20160905;1473076289;05/09/2016;13:51:29;2975;3.0;0.0;32;49;21;3815;5.80;2;1576;1346481;1346600;002;25;4;16.00
avisaro_20160905;1473076304;05/09/2016;13:51:44;26976;27.0;0.4;35;49;19;37363;4.78;19;4932;1347081;1348160;002;26;4;16.00
avisaro_20160905;1473076343;05/09/2016;13:52:23;22975;23.0;0.4;37;111;24;33909;8.65;16;4698;1348641;1349560;002;27;4;16.00
avisaro_20160905;1473087847;05/09/2016;17:04:07;87976;88.0;1.5;49;340;17;169318;16.21;62;10507;1808801;1812320;002;28;5;16.00
avisaro_20160905;1473092067;05/09/2016;18:14:27;4975;5.0;0.1;46;152;16;9081;31.21;4;2433;1977601;1977800;002;29;5;16.00
avisaro_20160905;1473092080;05/09/2016;18:14:40;4459036;4459.0;74.3;80;365;15;14256034;10.30;3153;216438;1978121;2156480;002;30;5;16.00
avisaro_20160905;1473096543;05/09/2016;19:29:03;9975;10.0;0.2;32;42;21;12699;4.74;7;2875;2156641;2157040;002;31;5;16.00
avisaro_20160905;1473096557;05/09/2016;19:29:17;6975;7.0;0.1;32;43;21;8886;4.75;5;2405;2157201;2157480;002;32;5;16.00
avisaro_20160905;1473096571;05/09/2016;19:29:31;4976;5.0;0.1;32;43;20;6328;5.00;4;2030;2157761;2157960;002;33;5;16.00
avisaro_20160905;1473096576;05/09/2016;19:29:36;5975;6.0;0.1;32;41;22;7586;4.65;4;2222;2157961;2158200;002;34;5;16.00
avisaro_20160905;1473096593;05/09/2016;19:29:53;2975;3.0;0.0;32;41;22;3782;4.45;2;1569;2158641;2158760;002;35;5;16.00
avisaro_20160905;1473096624;05/09/2016;19:30:24;2975;3.0;0.0;32;40;21;3791;4.64;2;1571;2159881;2160000;002;36;5;16.00
avisaro_20160905;1473096631;05/09/2016;19:30:31;5975;6.0;0.1;32;41;21;7583;4.54;4;2222;2160161;2160400;002;37;5;16.00
avisaro_20160905;1473096668;05/09/2016;19:31:08;2975;3.0;0.0;32;41;22;3789;4.48;2;1571;2161641;2161760;002;38;5;16.00
avisaro_20160905;1473098330;05/09/2016;19:58:50;28975;29.0;0.5;54;131;18;61887;14.98;21;8634;2228121;2229280;002;39;5;16.00
avisaro_20160905;1473098493;05/09/2016;20:01:33;2975;3.0;0.0;38;84;13;4552;20.71;2;2341;2234641;2234760;002;40;5;16.00
avisaro_20160905;1473098526;05/09/2016;20:02:06;14270214;14270.2;237.8;57;363;14;32166721;7.65;10091;196960;2235961;2806760;002;41;5;16.00
avisaro_20160906;1473140022;06/09/2016;07:33:42;76975;77.0;1.3;52;238;15;157693;21.73;54;10151;440481;443560;002;1;2;16.00
avisaro_20160906;1473140260;06/09/2016;07:37:40;33976;34.0;0.6;61;302;16;82246;23.45;24;12993;450001;451360;002;2;2;16.00
avisaro_20160906;1473140327;06/09/2016;07:38:47;2975;3.0;0.0;34;54;23;4022;6.04;2;1618;452681;452800;002;3;2;16.00
avisaro_20160906;1473140444;06/09/2016;07:40:44;2975;3.0;0.0;39;148;16;4605;26.78;2;2355;457361;457480;002;4;2;16.00
avisaro_20160906;1473140455;06/09/2016;07:40:55;36975;37.0;0.6;64;121;14;93656;19.52;26;7817;457801;459280;002;5;2;16.00
avisaro_20160906;1473140574;06/09/2016;07:42:54;14975;15.0;0.2;108;362;14;64650;69.34;11;14579;462561;463160;002;6;2;16.00
avisaro_20160906;1473146667;06/09/2016;09:24:27;138976;139.0;2.3;47;306;21;259866;19.45;98;13022;706281;711840;002;7;2;16.00
avisaro_20160906;1473146808;06/09/2016;09:26:48;4975;5.0;0.1;32;38;26;6337;3.07;4;2031;711921;712120;002;8;2;16.00
avisaro_20160906;1473156509;06/09/2016;12:08:29;6975;7.0;0.1;84;229;20;23286;53.61;5;3902;1099961;1100240;002;9;4;16.00
avisaro_20160906;1473156522;06/09/2016;12:08:42;2975;3.0;0.0;33;57;21;3893;5.52;2;1592;1100481;1100600;002;10;4;16.00
avisaro_20160906;1473156563;06/09/2016;12:09:23;5975;6.0;0.1;86;363;20;20471;83.66;4;6484;1102121;1102360;002;11;4;16.00
avisaro_20160906;1473156569;06/09/2016;12:09:29;4976;5.0;0.1;85;361;21;16834;82.83;4;4507;1102361;1102560;002;12;4;16.00
avisaro_20160906;1473156683;06/09/2016;12:11:23;149977;150.0;2.5;46;252;23;272895;15.83;106;13339;1106921;1112920;002;13;4;16.00
avisaro_20160906;1473159610;06/09/2016;13:00:10;115976;116.0;1.9;46;205;22;210617;13.65;82;11718;1224001;1228640;002;14;4;16.00
avisaro_20160906;1473159727;06/09/2016;13:02:07;3976;4.0;0.1;32;38;25;5050;2.83;3;1813;1228681;1228840;002;15;4;16.00
avisaro_20160906;1473161009;06/09/2016;13:23:29;5975;6.0;0.1;73;228;22;17345;39.95;4;5967;1279961;1280200;002;16;4;16.00
avisaro_20160906;1473166089;06/09/2016;14:48:09;2975;3.0;0.0;34;96;24;4007;10.38;2;1615;1483161;1483280;002;17;5;16.00
avisaro_20160906;1473166100;06/09/2016;14:48:20;3975;4.0;0.1;50;233;17;7849;40.82;3;2262;1483601;1483760;002;18;5;16.00
avisaro_20160906;1473166113;06/09/2016;14:48:33;3975;4.0;0.1;57;335;20;8978;54.55;3;2420;1484121;1484280;002;19;5;16.00
avisaro_20160906;1473166145;06/09/2016;14:49:05;80976;81.0;1.3;38;349;24;120162;14.78;57;8851;1485401;1488640;002;20;5;16.00
avisaro_20160906;1473166316;06/09/2016;14:51:56;2975;3.0;0.0;32;44;24;3772;4.35;2;1567;1492241;1492360;002;21;5;16.00
avisaro_20160906;1473174622;06/09/2016;17:10:22;5041048;5041.0;84.0;84;125;25;16743369;5.16;3565;234543;1824481;2026120;002;22;5;16.00
avisaro_20160906;1473179678;06/09/2016;18:34:38;2975;3.0;0.0;32;38;24;3776;3.68;2;1568;2026721;2026840;002;23;5;16.00
avisaro_20160906;1473179699;06/09/2016;18:34:59;30975;31.0;0.5;33;41;25;40646;3.34;22;5144;2027561;2028800;002;24;5;16.00
avisaro_20160906;1473179730;06/09/2016;18:35:30;7975;8.0;0.1;32;39;25;10176;3.38;6;2574;2028801;2029120;002;25;5;16.00
avisaro_20160906;1473179738;06/09/2016;18:35:38;10975;11.0;0.2;32;39;25;14023;3.32;8;3021;2029121;2029560;002;26;5;16.00
avisaro_20160906;1473179749;06/09/2016;18:35:49;10014119;10014.1;166.9;49;329;14;19333588;16.34;7081;112360;2029561;2430120;002;27;5;16.00
avisaro_20160906;1473190646;06/09/2016;21:37:26;34975;35.0;0.6;56;233;16;78142;16.43;25;9702;2465441;2466840;002;28;7;16.00
avisaro_20160906;1473195857;06/09/2016;23:04:17;7975;8.0;0.1;45;355;16;14125;41.24;6;3036;2673881;2674200;002;29;7;16.00
avisaro_20160906;1473195870;06/09/2016;23:04:30;5975;6.0;0.1;32;51;21;7635;4.95;4;2229;2674401;2674640;002;30;7;16.00
avisaro_20160906;1473195876;06/09/2016;23:04:36;4975;5.0;0.1;34;122;12;6702;13.77;4;2089;2674641;2674840;002;31;7;16.00
avisaro_20160906;1473196981;06/09/2016;23:23:01;96976;97.0;1.6;52;234;17;199309;16.55;69;11404;2718841;2722720;002;32;7;16.00
avisaro_20160906;1473197153;06/09/2016;23:25:53;3975;4.0;0.1;38;83;20;5943;17.51;3;1967;2725721;2725880;002;33;7;16.00
avisaro_20160906;1473197159;06/09/2016;23:25:59;13975;14.0;0.2;42;112;19;23362;13.79;10;3903;2725961;2726520;002;34;7;16.00
avisaro_20160906;1473197411;06/09/2016;23:30:11;5976;6.0;0.1;39;92;14;9240;13.44;4;2453;2736001;2736240;002;35;7;16.00
avisaro_20160906;1473197556;06/09/2016;23:32:36;33976;34.0;0.6;38;140;17;50463;8.58;24;5732;2741801;2743160;002;36;7;16.00
avisaro_20160906;1473197630;06/09/2016;23:33:50;291982;292.0;4.9;52;92;16;598040;8.26;206;26839;2744761;2756440;002;37;7;16.00
avisaro_20160906;1473197996;06/09/2016;23:39:56;63976;64.0;1.1;49;87;15;125002;8.76;45;12268;2759401;2761960;002;38;7;16.00
avisaro_20160906;1473198148;06/09/2016;23:42:28;9975;10.0;0.2;46;341;17;18243;37.35;7;3449;2765481;2765880;002;39;7;16.00
avisaro_20160907;1473226324;07/09/2016;07:32:04;5975;6.0;0.1;75;347;19;17889;56.11;4;3419;436201;436440;002;1;2;16.00
avisaro_20160907;1473226462;07/09/2016;07:34:22;140977;141.0;2.3;49;250;22;270843;15.71;100;13294;441721;447360;002;2;2;16.00
avisaro_20160907;1473226607;07/09/2016;07:36:47;2975;3.0;0.0;33;37;26;3920;2.93;2;1597;447521;447640;002;3;2;16.00
avisaro_20160907;1473226615;07/09/2016;07:36:55;3975;4.0;0.1;33;37;26;5201;2.99;3;1840;447841;448000;002;4;2;16.00
avisaro_20160907;1473226669;07/09/2016;07:37:49;86975;87.0;1.4;50;227;26;170703;25.99;62;10562;450001;453480;002;5;2;16.00
avisaro_20160907;1473226758;07/09/2016;07:39:18;11975;12.0;0.2;45;182;26;21588;25.85;8;3753;453561;454040;002;6;2;16.00
avisaro_20160907;1473226772;07/09/2016;07:39:32;1975;2.0;0.0;33;39;26;2609;3.82;1;1303;454121;454200;002;7;2;16.00
avisaro_20160907;1473226774;07/09/2016;07:39:34;1976;2.0;0.0;33;38;26;2601;3.57;1;1301;454201;454280;002;8;2;16.00
avisaro_20160907;1473226777;07/09/2016;07:39:37;4975;5.0;0.1;33;39;26;6523;3.15;4;2061;454321;454520;002;9;2;16.00
avisaro_20160907;1473226783;07/09/2016;07:39:43;13976;14.0;0.2;48;183;22;26342;26.93;10;4146;454561;455120;002;10;2;16.00
avisaro_20160907;1473226809;07/09/2016;07:40:09;3975;4.0;0.1;44;217;19;6981;34.11;3;2899;455601;455760;002;11;2;16.00
avisaro_20160907;1473226934;07/09/2016;07:42:14;46975;47.0;0.8;74;206;22;138787;19.17;33;21354;460601;462480;002;12;2;16.00
avisaro_20160907;1473227004;07/09/2016;07:43:24;5975;6.0;0.1;93;362;23;22114;85.44;4;5165;463401;463640;002;13;2;16.00
avisaro_20160907;1473227013;07/09/2016;07:43:33;15975;16.0;0.3;53;90;25;33305;12.46;11;6332;463761;464400;002;14;2;16.00
avisaro_20160907;1473227044;07/09/2016;07:44:04;3975;4.0;0.1;38;70;25;5943;9.79;3;1967;465001;465160;002;15;2;16.00
avisaro_20160907;1473232718;07/09/2016;09:18:38;20976;21.0;0.3;42;113;21;34692;10.34;15;4754;691961;692800;002;16;2;16.00
avisaro_20160907;1473232742;07/09/2016;09:19:02;11975;12.0;0.2;33;40;26;15807;3.75;8;3208;692921;693400;002;17;2;16.00
avisaro_20160907;1473232803;07/09/2016;09:20:03;2975;3.0;0.0;45;150;17;5310;26.20;2;2528;695361;695480;002;18;2;16.00
avisaro_20160907;1473243005;07/09/2016;12:10:05;5975;6.0;0.1;65;213;23;15596;50.31;4;3192;1103441;1103680;002;19;4;16.00
avisaro_20160907;1473243063;07/09/2016;12:11:03;4975;5.0;0.1;96;364;20;19153;91.78;4;4808;1105761;1105960;002;20;4;16.00
avisaro_20160907;1473244249;07/09/2016;12:30:49;130976;131.0;2.2;49;229;23;253378;15.60;93;12858;1153201;1158440;002;21;4;16.00
avisaro_20160907;1473244386;07/09/2016;12:33:06;1976;2.0;0.0;33;39;27;2601;3.52;1;1301;1158681;1158760;002;22;4;16.00
avisaro_20160907;1473244388;07/09/2016;12:33:08;4975;5.0;0.1;33;39;26;6508;3.35;4;2058;1158761;1158960;002;23;4;16.00
avisaro_20160907;1473246060;07/09/2016;13:01:00;3343023;3343.0;55.7;72;363;14;9580998;13.65;2364;79097;1225641;1359360;002;24;4;16.00
avisaro_20160907;1473249420;07/09/2016;13:57:00;60975;61.0;1.0;46;94;19;111210;8.74;43;8512;1360041;1362480;002;25;4;16.00
avisaro_20160907;1473249486;07/09/2016;13:58:06;7975;8.0;0.1;48;87;20;15268;14.87;6;4288;1362681;1363000;002;26;4;16.00
avisaro_20160907;1473249560;07/09/2016;13:59:20;9976;10.0;0.2;35;54;13;13841;6.23;7;3002;1365641;1366040;002;27;4;16.00
avisaro_20160907;1473250572;07/09/2016;14:16:12;23976;24.0;0.4;38;130;17;35573;12.50;17;4816;1406121;1407080;002;28;4;16.00
avisaro_20160907;1473250626;07/09/2016;14:17:06;10975;11.0;0.2;38;122;17;16289;11.01;8;3256;1408281;1408720;002;29;4;16.00
avisaro_20160907;1473250649;07/09/2016;14:17:29;75976;76.0;1.3;43;218;20;129701;13.06;54;9199;1409201;1412240;002;30;4;16.00
avisaro_20160907;1473250734;07/09/2016;14:18:54;30976;31.0;0.5;43;114;21;52114;8.26;22;5825;1412601;1413840;002;31;4;16.00
avisaro_20160907;1473250774;07/09/2016;14:19:34;10975;11.0;0.2;46;183;21;20061;21.73;8;3617;1414201;1414640;002;32;4;16.00
avisaro_20160907;1473250846;07/09/2016;14:20:46;18975;19.0;0.3;48;220;18;36301;17.54;13;6614;1417081;1417840;002;33;4;16.00
avisaro_20160907;1473250919;07/09/2016;14:21:59;8976;9.0;0.1;46;111;18;16324;16.59;6;4433;1420001;1420360;002;34;4;16.00
avisaro_20160907;1473251019;07/09/2016;14:23:39;46975;47.0;0.8;59;96;20;109573;12.70;33;14995;1424001;1425880;002;35;4;16.00
avisaro_20160907;1473251129;07/09/2016;14:25:29;140977;141.0;2.3;60;113;20;336243;10.24;100;26267;1428401;1434040;002;36;4;16.00
avisaro_20160907;1473251678;07/09/2016;14:34:38;37976;38.0;0.6;50;360;17;74526;22.69;27;9478;1450361;1451880;002;37;5;16.00
avisaro_20160907;1473251719;07/09/2016;14:35:19;7975;8.0;0.1;56;363;18;17624;69.75;6;3392;1452001;1452320;002;38;5;16.00
avisaro_20160907;1473258588;07/09/2016;16:29:48;26873398;26873.4;447.9;42;209;16;45094062;5.41;19002;171534;1726761;2801680;002;39;5;16.00
avisaro_20160907;1473285462;07/09/2016;23:57:42;134976;135.0;2.2;50;114;25;265425;11.11;95;13155;2801681;2807080;002;40;5;16.00
avisaro_20160908;1473301826;08/09/2016;04:30:26;11722153;11722.2;195.4;36;363;16;16807626;4.54;8289;104723;1;468880;002;1;1;16.00
avisaro_20160908;1473320595;08/09/2016;09:43:15;8975;9.0;0.1;101;336;16;36061;67.27;6;6597;750761;751120;002;2;3;16.00
avisaro_20160908;1473320610;08/09/2016;09:43:30;69976;70.0;1.2;36;356;13;100554;18.53;49;5646;751361;754160;002;3;3;16.00
avisaro_20160908;1473320694;08/09/2016;09:44:54;141977;142.0;2.4;43;226;16;241718;21.29;100;8754;754721;760400;002;4;3;16.00
avisaro_20160908;1473320836;08/09/2016;09:47:16;3975;4.0;0.1;26;30;20;4090;2.84;3;1135;760401;760560;002;5;3;16.00
avisaro_20160908;1473328648;08/09/2016;11:57:28;114977;115.0;1.9;43;306;16;193457;17.27;81;7825;1072881;1077480;002;6;3;16.00
avisaro_20160908;1473330296;08/09/2016;12:24:56;6975;7.0;0.1;92;332;14;25562;80.20;5;4089;1138801;1139080;002;7;4;16.00
avisaro_20160908;1473330309;08/09/2016;12:25:09;1975;2.0;0.0;27;43;18;2093;4.12;1;812;1139321;1139400;002;8;4;16.00
avisaro_20160908;1473330312;08/09/2016;12:25:12;28975;29.0;0.5;54;363;12;62226;52.05;21;4452;1139441;1140600;002;9;4;16.00
avisaro_20160908;1473330360;08/09/2016;12:26:00;5975;6.0;0.1;83;363;11;19715;89.10;4;3591;1141361;1141600;002;10;4;16.00
avisaro_20160908;1473330385;08/09/2016;12:26:25;4975;5.0;0.1;41;84;15;8044;19.32;4;3112;1142361;1142560;002;11;4;16.00
avisaro_20160908;1473339575;08/09/2016;14:59:35;2975;3.0;0.0;26;62;16;3051;7.78;2;980;1509961;1510080;002;12;5;16.00
avisaro_20160908;1473339578;08/09/2016;14:59:38;2975;3.0;0.0;28;114;16;3356;18.15;2;1478;1510081;1510200;002;13;5;16.00
avisaro_20160908;1473344941;08/09/2016;16:29:01;20252289;20252.3;337.5;42;354;14;33480483;4.38;14321;147804;1724601;2534680;002;14;5;16.00
avisaro_20160908;1473368989;08/09/2016;23:09:49;34975;35.0;0.6;52;213;15;71472;16.83;25;9278;2686481;2687880;002;15;5;16.00
avisaro_20160908;1473369490;08/09/2016;23:18:10;379981;380.0;6.3;52;121;15;783834;10.23;269;30727;2706521;2721720;002;16;5;16.00
avisaro_20160908;1473369957;08/09/2016;23:25:57;132977;133.0;2.2;46;84;14;243476;7.78;94;17121;2725201;2730520;002;17;5;16.00
avisaro_20160908;1473370108;08/09/2016;23:28:28;57976;58.0;1.0;43;132;16;99127;9.15;41;10925;2731241;2733560;002;18;5;16.00
avisaro_20160908;1473370330;08/09/2016;23:32:10;56975;57.0;0.9;44;154;16;99133;10.04;40;10925;2740121;2742400;002;19;5;16.00
avisaro_20160908;1473371178;08/09/2016;23:46:18;818985;819.0;13.6;47;56;15;1519352;3.80;579;42770;2774041;2806800;002;20;5;16.00
avisaro_20160909;1473399094;09/09/2016;07:31:34;5975;6.0;0.1;106;354;16;25325;76.64;4;9123;435321;435560;002;1;2;16.00
avisaro_20160909;1473399427;09/09/2016;07:37:07;1975;2.0;0.0;54;175;21;4317;31.30;1;2280;448641;448720;002;2;2;16.00
avisaro_20160909;1473399441;09/09/2016;07:37:21;43975;44.0;0.7;73;127;35;127448;13.52;31;16174;449201;450960;002;3;2;16.00
avisaro_20160909;1473399517;09/09/2016;07:38:37;17975;18.0;0.3;74;144;26;52810;23.11;13;10411;452241;452960;002;4;2;16.00
avisaro_20160909;1473399559;09/09/2016;07:39:19;4975;5.0;0.1;63;138;21;12561;23.99;4;5077;453921;454120;002;5;2;16.00
avisaro_20160909;1473399607;09/09/2016;07:40:07;3975;4.0;0.1;68;161;20;10790;28.54;3;4705;455841;456000;002;6;2;16.00
avisaro_20160909;1473399716;09/09/2016;07:41:56;1975;2.0;0.0;52;189;18;4136;41.37;1;2232;460201;460280;002;7;2;16.00
avisaro_20160909;1473399734;09/09/2016;07:42:14;40975;41.0;0.7;85;182;19;138130;19.60;29;21302;460921;462560;002;8;2;16.00
avisaro_20160909;1473399831;09/09/2016;07:43:51;16983249;16983.2;283.1;71;362;16;48186202;5.14;12009;314564;464801;1144120;002;9;2;16.00
avisaro_20160909;1473416817;09/09/2016;12:26:57;138977;139.0;2.3;56;112;34;311226;4.82;98;19362;1144241;1149800;002;10;4;16.00
avisaro_20160909;1473416957;09/09/2016;12:29:17;11975;12.0;0.2;53;59;44;25314;3.43;8;5521;1149841;1150320;002;11;4;16.00
avisaro_20160909;1473416982;09/09/2016;12:29:42;9975;10.0;0.2;53;62;45;20841;3.65;7;5009;1150841;1151240;002;12;4;16.00
avisaro_20160909;1473416996;09/09/2016;12:29:56;4976;5.0;0.1;52;60;45;10369;4.17;4;3533;1151401;1151600;002;13;4;16.00
avisaro_20160909;1473417001;09/09/2016;12:30:01;2975;3.0;0.0;52;59;45;6201;4.17;2;2732;1151601;1151720;002;14;4;16.00
avisaro_20160909;1473417031;09/09/2016;12:30:31;4975;5.0;0.1;52;60;45;10328;3.63;4;3526;1152801;1153000;002;15;4;16.00
avisaro_20160909;1473417036;09/09/2016;12:30:36;9975;10.0;0.2;53;60;43;21000;3.52;7;5028;1153001;1153400;002;16;4;16.00
avisaro_20160909;1473417046;09/09/2016;12:30:46;12975;13.0;0.2;54;63;41;27902;4.14;9;5796;1153401;1153920;002;17;4;16.00
avisaro_20160909;1473417061;09/09/2016;12:31:01;9975;10.0;0.2;53;61;44;21035;3.85;7;5033;1154001;1154400;002;18;4;16.00
avisaro_20160909;1473417089;09/09/2016;12:31:29;55975;56.0;0.9;54;61;44;120493;3.64;40;12045;1155121;1157360;002;19;4;16.00
avisaro_20160909;1473417146;09/09/2016;12:32:26;5976;6.0;0.1;52;59;45;12431;3.40;4;3869;1157401;1157640;002;20;4;16.00
avisaro_20160909;1473417164;09/09/2016;12:32:44;7975;8.0;0.1;52;58;45;16603;3.23;6;4471;1158121;1158440;002;21;4;16.00
avisaro_20160909;1473417177;09/09/2016;12:32:57;10975;11.0;0.2;53;58;45;22887;3.50;8;5249;1158641;1159080;002;22;4;16.00
avisaro_20160909;1473417189;09/09/2016;12:33:09;5975;6.0;0.1;52;61;45;12418;3.91;4;3867;1159121;1159360;002;23;4;16.00
avisaro_20160909;1473417237;09/09/2016;12:33:57;3975;4.0;0.1;52;57;45;8304;3.25;3;3162;1161041;1161200;002;24;4;16.00
avisaro_20160909;1473417272;09/09/2016;12:34:32;4975;5.0;0.1;52;57;45;10322;3.21;4;3525;1162441;1162640;002;25;4;16.00
avisaro_20160909;1473417292;09/09/2016;12:34:52;144977;145.0;2.4;56;65;43;319597;3.92;103;19620;1163241;1169040;002;26;4;16.00
avisaro_20160909;1473417487;09/09/2016;12:38:07;450981;451.0;7.5;55;67;43;984328;4.08;319;34433;1171041;1189080;002;27;4;16.00
avisaro_20160909;1473417942;09/09/2016;12:45:42;11975;12.0;0.2;53;59;45;25173;3.71;8;5505;1189241;1189720;002;28;4;16.00
avisaro_20160909;1473417966;09/09/2016;12:46:06;5975;6.0;0.1;52;57;45;12408;3.28;4;3865;1190201;1190440;002;29;4;16.00
avisaro_20160909;1473417978;09/09/2016;12:46:18;7975;8.0;0.1;53;58;45;16659;3.46;6;4479;1190681;1191000;002;30;4;16.00
avisaro_20160909;1473417989;09/09/2016;12:46:29;18975;19.0;0.3;53;58;45;39531;3.47;13;6899;1191121;1191880;002;31;4;16.00
avisaro_20160909;1473418014;09/09/2016;12:46:54;4975;5.0;0.1;53;58;45;10435;3.30;4;3545;1192121;1192320;002;32;4;16.00
avisaro_20160909;1473418024;09/09/2016;12:47:04;3975;4.0;0.1;52;57;45;8270;3.31;3;3155;1192521;1192680;002;33;4;16.00
avisaro_20160909;1473418044;09/09/2016;12:47:24;3975;4.0;0.1;52;57;45;8257;3.48;3;3153;1193321;1193480;002;34;4;16.00
avisaro_20160909;1473418049;09/09/2016;12:47:29;3975;4.0;0.1;52;60;45;8284;4.16;3;3158;1193521;1193680;002;35;4;16.00
avisaro_20160909;1473418056;09/09/2016;12:47:36;46976;47.0;0.8;53;59;45;98734;3.26;33;10903;1193801;1195680;002;36;4;16.00
avisaro_20160909;1473418165;09/09/2016;12:49:25;1976;2.0;0.0;52;58;45;4124;3.55;1;2228;1198161;1198240;002;37;4;16.00
avisaro_20160909;1473418196;09/09/2016;12:49:56;1975;2.0;0.0;52;59;45;4130;3.94;1;2230;1199401;1199480;002;38;4;16.00
avisaro_20160909;1473418199;09/09/2016;12:49:59;11975;12.0;0.2;52;58;45;24844;3.43;8;5469;1199521;1200000;002;39;4;16.00
avisaro_20160909;1473418267;09/09/2016;12:51:07;42975;43.0;0.7;54;61;37;92089;3.66;30;10530;1202241;1203960;002;40;4;16.00
avisaro_20160909;1473418313;09/09/2016;12:51:53;26976;27.0;0.4;54;61;40;57489;3.79;19;8320;1204081;1205160;002;41;4;16.00
avisaro_20160909;1473418341;09/09/2016;12:52:21;2975;3.0;0.0;53;59;42;6269;3.42;2;2747;1205201;1205320;002;42;4;16.00
avisaro_20160909;1473418345;09/09/2016;12:52:25;225978;226.0;3.8;56;63;35;499158;3.74;160;24515;1205361;1214400;002;43;4;16.00
avisaro_20160909;1473418571;09/09/2016;12:56:11;168977;169.0;2.8;56;63;43;372390;3.83;120;21174;1214401;1221160;002;44;4;16.00
avisaro_20160909;1473418747;09/09/2016;12:59:07;4975;5.0;0.1;52;60;45;10398;3.79;4;3538;1221441;1221640;002;45;4;16.00
avisaro_20160909;1473418753;09/09/2016;12:59:13;5975;6.0;0.1;52;57;45;12416;3.21;4;3866;1221681;1221920;002;46;4;16.00
avisaro_20160909;1473418772;09/09/2016;12:59:32;10976;11.0;0.2;52;60;44;22826;3.98;8;5242;1222441;1222880;002;47;4;16.00
avisaro_20160909;1473418785;09/09/2016;12:59:45;10975;11.0;0.2;52;60;44;22719;4.14;8;5230;1222961;1223400;002;48;4;16.00
avisaro_20160909;1473418796;09/09/2016;12:59:56;16975;17.0;0.3;53;59;45;35530;3.63;12;6540;1223401;1224080;002;49;4;16.00
avisaro_20160909;1473418814;09/09/2016;13:00:14;215978;216.0;3.6;54;62;44;458836;3.83;153;23504;1224121;1232760;002;50;4;16.00
avisaro_20160909;1473419031;09/09/2016;13:03:51;7975;8.0;0.1;52;58;44;16639;3.62;6;4476;1232801;1233120;002;51;4;16.00
avisaro_20160909;1473419040;09/09/2016;13:04:00;5975;6.0;0.1;53;58;45;12492;3.52;4;3878;1233161;1233400;002;52;4;16.00
avisaro_20160909;1473419047;09/09/2016;13:04:07;8975;9.0;0.1;52;59;44;18699;3.59;6;4745;1233441;1233800;002;53;4;16.00
avisaro_20160909;1473419061;09/09/2016;13:04:21;11975;12.0;0.2;53;59;44;25127;3.58;8;5500;1234001;1234480;002;54;4;16.00
avisaro_20160909;1473419080;09/09/2016;13:04:40;22976;23.0;0.4;53;60;44;48277;3.55;16;7624;1234761;1235680;002;55;4;16.00
avisaro_20160909;1473419104;09/09/2016;13:05:04;51977;52.0;0.9;54;61;45;110419;3.72;37;11530;1235721;1237800;002;56;4;16.00
avisaro_20160909;1473419157;09/09/2016;13:05:57;10975;11.0;0.2;53;59;44;23028;3.75;8;5266;1237841;1238280;002;57;4;16.00
avisaro_20160909;1473419169;09/09/2016;13:06:09;16976;17.0;0.3;53;60;45;35466;3.80;12;6535;1238321;1239000;002;58;4;16.00
avisaro_20160909;1473419189;09/09/2016;13:06:29;10975;11.0;0.2;53;60;45;22922;3.61;8;5253;1239121;1239560;002;59;4;16.00
avisaro_20160909;1473419225;09/09/2016;13:07:05;13975;14.0;0.2;53;58;46;29396;3.18;10;5949;1240561;1241120;002;60;4;16.00
avisaro_20160909;1473419245;09/09/2016;13:07:25;13976;14.0;0.2;53;60;45;29246;3.73;10;5934;1241361;1241920;002;61;4;16.00
avisaro_20160909;1473419261;09/09/2016;13:07:41;17975;18.0;0.3;53;59;45;37729;3.66;13;6740;1242001;1242720;002;62;4;16.00
avisaro_20160909;1473419281;09/09/2016;13:08:01;8975;9.0;0.1;53;59;45;18789;3.58;6;4756;1242801;1243160;002;63;4;16.00
avisaro_20160909;1473419291;09/09/2016;13:08:11;15975;16.0;0.3;53;59;45;33568;3.61;11;6357;1243201;1243840;002;64;4;16.00
avisaro_20160909;1473419308;09/09/2016;13:08:28;16975;17.0;0.3;53;60;45;35649;3.76;12;6551;1243881;1244560;002;65;4;16.00
avisaro_20160909;1473419325;09/09/2016;13:08:45;35976;36.0;0.6;53;60;44;75465;3.63;25;9532;1244561;1246000;002;66;4;16.00
avisaro_20160909;1473419377;09/09/2016;13:09:37;6975;7.0;0.1;52;58;45;14449;3.53;5;4171;1246641;1246920;002;67;4;16.00
avisaro_20160909;1473419384;09/09/2016;13:09:44;1975;2.0;0.0;52;57;45;4121;3.34;1;2227;1246921;1247000;002;68;4;16.00
avisaro_20160909;1473419388;09/09/2016;13:09:48;1975;2.0;0.0;52;58;46;4129;3.33;1;2230;1247081;1247160;002;69;4;16.00
avisaro_20160909;1473419393;09/09/2016;13:09:53;8975;9.0;0.1;52;58;45;18647;3.41;6;4738;1247281;1247640;002;70;4;16.00
avisaro_20160909;1473419402;09/09/2016;13:10:02;1975;2.0;0.0;52;57;45;4130;3.27;1;2230;1247641;1247720;002;71;4;16.00
avisaro_20160909;1473419405;09/09/2016;13:10:05;3976;4.0;0.1;52;57;46;8276;3.13;3;3157;1247761;1247920;002;72;4;16.00
avisaro_20160909;1473419437;09/09/2016;13:10:37;4975;5.0;0.1;52;58;45;10316;3.62;4;3524;1249041;1249240;002;73;4;16.00
avisaro_20160909;1473419455;09/09/2016;13:10:55;1975;2.0;0.0;52;57;46;4122;3.45;1;2228;1249761;1249840;002;74;4;16.00
avisaro_20160909;1473419466;09/09/2016;13:11:06;8975;9.0;0.1;52;58;45;18669;3.52;6;4741;1250201;1250560;002;75;4;16.00
avisaro_20160909;1473419568;09/09/2016;13:12:48;1975;2.0;0.0;52;56;45;4124;3.28;1;2228;1254281;1254360;002;76;4;16.00
avisaro_20160909;1473419579;09/09/2016;13:12:59;5975;6.0;0.1;52;58;45;12386;3.31;4;3862;1254721;1254960;002;77;4;16.00
avisaro_20160909;1473419633;09/09/2016;13:13:53;2975;3.0;0.0;52;58;45;6187;3.90;2;2729;1256881;1257000;002;78;4;16.00
avisaro_20160909;1473419645;09/09/2016;13:14:05;7975;8.0;0.1;52;57;45;16520;3.21;6;4460;1257361;1257680;002;79;4;16.00
avisaro_20160909;1473419669;09/09/2016;13:14:29;2975;3.0;0.0;52;58;45;6186;3.85;2;2729;1258321;1258440;002;80;4;16.00
avisaro_20160909;1473419676;09/09/2016;13:14:36;1975;2.0;0.0;52;57;46;4124;3.37;1;2228;1258601;1258680;002;81;4;16.00
avisaro_20160909;1473419679;09/09/2016;13:14:39;1975;2.0;0.0;52;57;45;4125;3.46;1;2229;1258721;1258800;002;82;4;16.00
avisaro_20160909;1473419696;09/09/2016;13:14:56;3975;4.0;0.1;52;58;46;8255;3.23;3;3153;1259401;1259560;002;83;4;16.00
avisaro_20160909;1473419714;09/09/2016;13:15:14;1975;2.0;0.0;52;57;45;4133;3.10;1;2231;1260121;1260200;002;84;4;16.00
avisaro_20160909;1473419754;09/09/2016;13:15:54;2975;3.0;0.0;52;56;46;6176;3.15;2;2727;1261721;1261840;002;85;4;16.00
avisaro_20160909;1473419767;09/09/2016;13:16:07;2975;3.0;0.0;52;58;45;6182;3.87;2;2728;1262241;1262360;002;86;4;16.00
avisaro_20160909;1473419772;09/09/2016;13:16:12;2975;3.0;0.0;52;56;46;6199;3.11;2;2732;1262441;1262560;002;87;4;16.00
avisaro_20160909;1473419787;09/09/2016;13:16:27;2975;3.0;0.0;52;57;45;6206;3.38;2;2734;1263041;1263160;002;88;4;16.00
avisaro_20160909;1473419813;09/09/2016;13:16:53;2975;3.0;0.0;52;57;45;6175;3.04;2;2727;1264081;1264200;002;89;4;16.00
avisaro_20160909;1473419825;09/09/2016;13:17:05;4975;5.0;0.1;52;56;46;10347;3.14;4;3530;1264561;1264760;002;90;4;16.00
avisaro_20160909;1473419930;09/09/2016;13:18:50;1975;2.0;0.0;52;58;45;4124;3.77;1;2228;1268761;1268840;002;91;4;16.00
avisaro_20160909;1473419935;09/09/2016;13:18:55;14976;15.0;0.2;52;58;45;31024;3.35;11;6112;1268961;1269560;002;92;4;16.00
avisaro_20160909;1473419951;09/09/2016;13:19:11;1975;2.0;0.0;52;56;45;4122;3.24;1;2228;1269601;1269680;002;93;4;16.00
avisaro_20160909;1473419954;09/09/2016;13:19:14;8975;9.0;0.1;52;57;45;18603;3.32;6;4733;1269721;1270080;002;94;4;16.00
avisaro_20160909;1473420077;09/09/2016;13:21:17;1975;2.0;0.0;52;57;45;4120;3.39;1;2227;1274641;1274720;002;95;4;16.00
avisaro_20160909;1473420080;09/09/2016;13:21:20;3975;4.0;0.1;52;56;45;8253;3.23;3;3152;1274761;1274920;002;96;4;16.00
avisaro_20160909;1473420216;09/09/2016;13:23:36;3975;4.0;0.1;52;57;45;8265;3.28;3;3155;1280201;1280360;002;97;4;16.00
avisaro_20160909;1473420220;09/09/2016;13:23:40;4975;5.0;0.1;52;56;46;10313;3.16;4;3524;1280361;1280560;002;98;4;16.00
avisaro_20160909;1473420300;09/09/2016;13:25:00;3975;4.0;0.1;52;58;45;8260;3.16;3;3154;1283561;1283720;002;99;4;16.00
avisaro_20160909;1473420337;09/09/2016;13:25:37;17976;18.0;0.3;52;60;44;37298;3.72;13;6701;1285041;1285760;002;100;4;16.00
avisaro_20160909;1473420385;09/09/2016;13:26:25;9975;10.0;0.2;52;58;45;20726;3.03;7;4995;1286961;1287360;002;101;4;16.00
avisaro_20160909;1473420405;09/09/2016;13:26:45;3975;4.0;0.1;52;57;45;8257;3.41;3;3153;1287761;1287920;002;102;4;16.00
avisaro_20160909;1473420409;09/09/2016;13:26:49;3975;4.0;0.1;52;56;45;8249;3.20;3;3151;1287921;1288080;002;103;4;16.00
avisaro_20160909;1473420416;09/09/2016;13:26:56;2975;3.0;0.0;52;58;45;6183;3.17;2;2728;1288201;1288320;002;104;4;16.00
avisaro_20160909;1473420419;09/09/2016;13:26:59;3975;4.0;0.1;52;57;45;8249;3.15;3;3151;1288321;1288480;002;105;4;16.00
avisaro_20160909;1473420424;09/09/2016;13:27:04;2975;3.0;0.0;52;57;46;6184;3.40;2;2729;1288521;1288640;002;106;4;16.00
avisaro_20160909;1473420434;09/09/2016;13:27:14;12975;13.0;0.2;53;60;45;27143;3.64;9;5717;1288921;1289440;002;107;4;16.00
avisaro_20160909;1473420451;09/09/2016;13:27:31;12975;13.0;0.2;52;58;45;26941;3.18;9;5695;1289601;1290120;002;108;4;16.00
avisaro_20160909;1473420471;09/09/2016;13:27:51;1975;2.0;0.0;52;58;47;4134;3.04;1;2231;1290401;1290480;002;109;4;16.00
avisaro_20160909;1473420482;09/09/2016;13:28:02;7975;8.0;0.1;53;58;45;16657;3.08;6;4478;1290841;1291160;002;110;4;16.00
avisaro_20160909;1473420494;09/09/2016;13:28:14;7975;8.0;0.1;52;57;45;16588;3.20;6;4469;1291321;1291640;002;111;4;16.00
avisaro_20160909;1473420507;09/09/2016;13:28:27;5975;6.0;0.1;52;58;45;12438;3.22;4;3870;1291841;1292080;002;112;4;16.00
avisaro_20160909;1473420513;09/09/2016;13:28:33;1975;2.0;0.0;52;58;45;4126;3.79;1;2229;1292081;1292160;002;113;4;16.00
avisaro_20160909;1473420518;09/09/2016;13:28:38;23975;24.0;0.4;53;59;45;50138;3.32;17;7770;1292281;1293240;002;114;4;16.00
avisaro_20160909;1473420544;09/09/2016;13:29:04;7975;8.0;0.1;52;59;45;16564;3.40;6;4466;1293321;1293640;002;115;4;16.00
avisaro_20160909;1473420556;09/09/2016;13:29:16;8975;9.0;0.1;52;59;45;18629;3.52;6;4736;1293801;1294160;002;116;4;16.00
avisaro_20160909;1473420569;09/09/2016;13:29:29;1975;2.0;0.0;52;59;45;4122;4.33;1;2228;1294321;1294400;002;117;4;16.00
avisaro_20160909;1473420578;09/09/2016;13:29:38;1975;2.0;0.0;52;57;47;4124;2.85;1;2228;1294681;1294760;002;118;4;16.00
avisaro_20160909;1473420581;09/09/2016;13:29:41;23975;24.0;0.4;52;60;44;49834;3.32;17;7746;1294801;1295760;002;119;4;16.00
avisaro_20160909;1473420618;09/09/2016;13:30:18;13975;14.0;0.2;53;58;46;29172;3.06;10;5926;1296281;1296840;002;120;4;16.00
avisaro_20160909;1473420645;09/09/2016;13:30:45;8976;9.0;0.1;52;57;46;18647;2.98;6;4738;1297361;1297720;002;121;4;16.00
avisaro_20160909;1473420659;09/09/2016;13:30:59;8975;9.0;0.1;52;58;45;18661;3.42;6;4740;1297921;1298280;002;122;4;16.00
avisaro_20160909;1473420673;09/09/2016;13:31:13;7975;8.0;0.1;52;58;45;16607;3.40;6;4472;1298481;1298800;002;123;4;16.00
avisaro_20160909;1473420686;09/09/2016;13:31:26;5975;6.0;0.1;52;57;45;12454;3.27;4;3872;1299001;1299240;002;124;4;16.00
avisaro_20160909;1473420695;09/09/2016;13:31:35;7975;8.0;0.1;53;58;45;16693;3.31;6;4483;1299361;1299680;002;125;4;16.00
avisaro_20160909;1473420709;09/09/2016;13:31:49;9975;10.0;0.2;52;58;44;20738;3.48;7;4997;1299921;1300320;002;126;4;16.00
avisaro_20160909;1473420725;09/09/2016;13:32:05;6976;7.0;0.1;53;58;45;14564;3.15;5;4187;1300561;1300840;002;127;4;16.00
avisaro_20160909;1473420733;09/09/2016;13:32:13;6975;7.0;0.1;52;59;44;14531;3.53;5;4183;1300881;1301160;002;128;4;16.00
avisaro_20160909;1473420740;09/09/2016;13:32:20;8975;9.0;0.1;52;59;44;18688;3.54;6;4743;1301161;1301520;002;129;4;16.00
avisaro_20160909;1473420750;09/09/2016;13:32:30;7975;8.0;0.1;52;59;45;16622;3.53;6;4474;1301561;1301880;002;130;4;16.00
avisaro_20160909;1473420760;09/09/2016;13:32:40;5975;6.0;0.1;52;59;46;12480;3.36;4;3876;1301961;1302200;002;131;4;16.00
avisaro_20160909;1473420768;09/09/2016;13:32:48;5975;6.0;0.1;52;58;45;12428;3.40;4;3868;1302281;1302520;002;132;4;16.00
avisaro_20160909;1473420777;09/09/2016;13:32:57;3975;4.0;0.1;52;58;45;8299;3.38;3;3161;1302641;1302800;002;133;4;16.00
avisaro_20160909;1473420786;09/09/2016;13:33:06;5975;6.0;0.1;52;58;46;12429;3.26;4;3868;1303001;1303240;002;134;4;16.00
avisaro_20160909;1473420798;09/09/2016;13:33:18;5975;6.0;0.1;52;58;45;12451;3.39;4;3872;1303481;1303720;002;135;4;16.00
avisaro_20160909;1473420809;09/09/2016;13:33:29;5975;6.0;0.1;52;58;45;12393;3.44;4;3863;1303921;1304160;002;136;4;16.00
avisaro_20160909;1473420819;09/09/2016;13:33:39;5975;6.0;0.1;52;57;45;12392;3.28;4;3863;1304321;1304560;002;137;4;16.00
avisaro_20160909;1473420830;09/09/2016;13:33:50;3975;4.0;0.1;52;57;45;8261;3.36;3;3154;1304761;1304920;002;138;4;16.00
avisaro_20160909;1473420841;09/09/2016;13:34:01;1975;2.0;0.0;52;57;46;4124;3.48;1;2228;1305201;1305280;002;139;4;16.00
avisaro_20160909;1473420843;09/09/2016;13:34:03;1975;2.0;0.0;52;56;46;4125;2.88;1;2229;1305281;1305360;002;140;4;16.00
avisaro_20160909;1473420852;09/09/2016;13:34:12;2975;3.0;0.0;52;56;46;6187;3.18;2;2729;1305641;1305760;002;141;4;16.00
avisaro_20160909;1473420881;09/09/2016;13:34:41;1975;2.0;0.0;52;56;46;4123;2.95;1;2228;1306801;1306880;002;142;4;16.00
avisaro_20160909;1473420892;09/09/2016;13:34:52;7975;8.0;0.1;52;58;45;16567;3.28;6;4466;1307241;1307560;002;143;4;16.00
avisaro_20160909;1473420906;09/09/2016;13:35:06;9975;10.0;0.2;52;58;45;20685;3.28;7;4990;1307801;1308200;002;144;4;16.00
avisaro_20160909;1473420923;09/09/2016;13:35:23;5975;6.0;0.1;52;57;45;12400;3.29;4;3864;1308481;1308720;002;145;4;16.00
avisaro_20160909;1473420935;09/09/2016;13:35:35;5975;6.0;0.1;52;57;45;12392;3.28;4;3863;1308961;1309200;002;146;4;16.00
avisaro_20160909;1473421037;09/09/2016;13:37:17;11976;12.0;0.2;52;57;46;24809;3.24;8;5465;1313041;1313520;002;147;4;16.00
avisaro_20160909;1473421067;09/09/2016;13:37:47;4975;5.0;0.1;52;58;45;10328;3.14;4;3526;1314241;1314440;002;148;4;16.00
avisaro_20160909;1473421082;09/09/2016;13:38:02;10975;11.0;0.2;52;58;45;22812;3.38;8;5241;1314841;1315280;002;149;4;16.00
avisaro_20160909;1473421098;09/09/2016;13:38:18;7975;8.0;0.1;52;57;45;16506;3.20;6;4458;1315481;1315800;002;150;4;16.00
avisaro_20160909;1473421106;09/09/2016;13:38:26;2975;3.0;0.0;52;57;45;6183;3.22;2;2728;1315801;1315920;002;151;4;16.00
avisaro_20160909;1473421137;09/09/2016;13:38:57;12975;13.0;0.2;52;59;45;26949;3.52;9;5696;1317041;1317560;002;152;4;16.00
avisaro_20160909;1473421153;09/09/2016;13:39:13;10975;11.0;0.2;52;59;45;22780;3.50;8;5237;1317681;1318120;002;153;4;16.00
avisaro_20160909;1473421168;09/09/2016;13:39:28;1975;2.0;0.0;52;58;44;4122;4.14;1;2228;1318281;1318360;002;154;4;16.00
avisaro_20160909;1473421173;09/09/2016;13:39:33;1975;2.0;0.0;52;57;46;4121;3.12;1;2227;1318481;1318560;002;155;4;16.00
avisaro_20160909;1473421183;09/09/2016;13:39:43;2975;3.0;0.0;52;56;45;6178;3.09;2;2727;1318881;1319000;002;156;4;16.00
avisaro_20160909;1473421209;09/09/2016;13:40:09;3975;4.0;0.1;53;57;44;8326;3.20;3;3166;1319921;1320080;002;157;4;16.00
avisaro_20160909;1473421222;09/09/2016;13:40:22;3975;4.0;0.1;52;57;45;8265;3.05;3;3155;1320441;1320600;002;158;4;16.00
avisaro_20160909;1473421236;09/09/2016;13:40:36;1975;2.0;0.0;52;56;46;4123;3.09;1;2228;1321001;1321080;002;159;4;16.00
avisaro_20160909;1473421250;09/09/2016;13:40:50;1975;2.0;0.0;52;56;45;4133;3.21;1;2231;1321561;1321640;002;160;4;16.00
avisaro_20160909;1473421261;09/09/2016;13:41:01;2975;3.0;0.0;52;58;44;6179;3.39;2;2728;1322001;1322120;002;161;4;16.00
avisaro_20160909;1473421264;09/09/2016;13:41:04;2975;3.0;0.0;52;57;46;6216;3.08;2;2736;1322121;1322240;002;162;4;16.00
avisaro_20160909;1473421295;09/09/2016;13:41:35;1975;2.0;0.0;52;57;45;4122;3.92;1;2228;1323361;1323440;002;163;4;16.00
avisaro_20160909;1473421338;09/09/2016;13:42:18;2975;3.0;0.0;52;57;45;6187;3.06;2;2729;1325081;1325200;002;164;4;16.00
avisaro_20160909;1473421345;09/09/2016;13:42:25;1975;2.0;0.0;52;57;46;4122;3.04;1;2228;1325361;1325440;002;165;4;16.00
avisaro_20160909;1473421352;09/09/2016;13:42:32;12975;13.0;0.2;52;57;45;26877;3.04;9;5689;1325641;1326160;002;166;4;16.00
avisaro_20160909;1473421366;09/09/2016;13:42:46;1975;2.0;0.0;52;56;46;4120;3.08;1;2227;1326201;1326280;002;167;4;16.00
avisaro_20160909;1473421386;09/09/2016;13:43:06;3975;4.0;0.1;52;57;46;8252;2.80;3;3152;1327001;1327160;002;168;4;16.00
avisaro_20160909;1473421392;09/09/2016;13:43:12;3975;4.0;0.1;52;57;45;8245;3.49;3;3151;1327241;1327400;002;169;4;16.00
avisaro_20160909;1473421411;09/09/2016;13:43:31;2975;3.0;0.0;52;57;45;6194;2.99;2;2731;1328001;1328120;002;170;4;16.00
avisaro_20160909;1473421459;09/09/2016;13:44:19;1975;2.0;0.0;52;56;46;4128;2.90;1;2229;1329921;1330000;002;171;4;16.00
avisaro_20160909;1473421472;09/09/2016;13:44:32;5975;6.0;0.1;52;58;46;12452;3.00;4;3872;1330441;1330680;002;172;4;16.00
avisaro_20160909;1473421486;09/09/2016;13:44:46;3975;4.0;0.1;52;57;46;8251;3.47;3;3152;1331001;1331160;002;173;4;16.00
avisaro_20160909;1473421490;09/09/2016;13:44:50;2975;3.0;0.0;52;56;46;6177;3.03;2;2727;1331161;1331280;002;174;4;16.00
avisaro_20160909;1473421493;09/09/2016;13:44:53;3975;4.0;0.1;52;57;46;8269;2.88;3;3155;1331281;1331440;002;175;4;16.00
avisaro_20160909;1473423049;09/09/2016;14:10:49;5975;6.0;0.1;52;57;45;12415;3.32;4;3866;1393521;1393760;002;176;4;16.00
avisaro_20160909;1473423071;09/09/2016;14:11:11;3975;4.0;0.1;52;57;45;8252;3.29;3;3152;1394401;1394560;002;177;4;16.00
avisaro_20160909;1473423124;09/09/2016;14:12:04;7975;8.0;0.1;52;58;45;16554;3.23;6;4464;1396521;1396840;002;178;4;16.00
avisaro_20160909;1473423134;09/09/2016;14:12:14;6976;7.0;0.1;52;57;46;14466;2.89;5;4173;1396921;1397200;002;179;4;16.00
avisaro_20160909;1473423156;09/09/2016;14:12:36;3975;4.0;0.1;52;57;45;8259;3.37;3;3153;1397801;1397960;002;180;4;16.00
avisaro_20160909;1473423178;09/09/2016;14:12:58;2975;3.0;0.0;52;58;45;6196;3.54;2;2731;1398681;1398800;002;181;4;16.00
avisaro_20160909;1473423182;09/09/2016;14:13:02;25975;26.0;0.4;52;58;45;53862;2.89;18;8053;1398841;1399880;002;182;4;16.00
avisaro_20160909;1473423208;09/09/2016;14:13:28;4975;5.0;0.1;52;57;45;10343;3.23;4;3529;1399881;1400080;002;183;4;16.00
avisaro_20160909;1473423233;09/09/2016;14:13:53;1975;2.0;0.0;52;57;45;4120;3.61;1;2227;1400881;1400960;002;184;4;16.00
avisaro_20160909;1473423237;09/09/2016;14:13:57;7975;8.0;0.1;52;58;45;16554;3.24;6;4464;1401041;1401360;002;185;4;16.00
avisaro_20160909;1473423279;09/09/2016;14:14:39;7975;8.0;0.1;52;57;44;16525;3.39;6;4461;1402721;1403040;002;186;4;16.00
avisaro_20160909;1473423291;09/09/2016;14:14:51;2976;3.0;0.0;52;57;45;6189;3.30;2;2730;1403201;1403320;002;187;4;16.00
avisaro_20160909;1473423296;09/09/2016;14:14:56;2975;3.0;0.0;52;57;45;6186;3.42;2;2729;1403401;1403520;002;188;4;16.00
avisaro_20160909;1473423299;09/09/2016;14:14:59;8975;9.0;0.1;52;57;45;18587;3.36;6;4731;1403521;1403880;002;189;4;16.00
avisaro_20160909;1473423308;09/09/2016;14:15:08;20975;21.0;0.3;52;57;45;43512;3.38;15;7238;1403881;1404720;002;190;4;16.00
avisaro_20160909;1473423363;09/09/2016;14:16:03;2975;3.0;0.0;52;56;45;6176;3.10;2;2727;1406081;1406200;002;191;4;16.00
avisaro_20160909;1473423419;09/09/2016;14:16:59;1975;2.0;0.0;52;56;45;4122;3.04;1;2228;1408321;1408400;002;192;4;16.00
avisaro_20160909;1473423497;09/09/2016;14:18:17;1975;2.0;0.0;52;56;46;4124;2.76;1;2228;1411441;1411520;002;193;4;16.00
avisaro_20160909;1473423569;09/09/2016;14:19:29;5975;6.0;0.1;52;57;45;12390;2.98;4;3862;1414321;1414560;002;194;4;16.00
avisaro_20160909;1473423590;09/09/2016;14:19:50;12975;13.0;0.2;52;58;45;26855;3.28;9;5686;1415161;1415680;002;195;4;16.00
avisaro_20160909;1473423620;09/09/2016;14:20:20;4975;5.0;0.1;52;57;44;10346;3.06;4;3529;1416361;1416560;002;196;4;16.00
avisaro_20160909;1473423632;09/09/2016;14:20:32;5975;6.0;0.1;52;58;44;12431;3.27;4;3869;1416841;1417080;002;197;4;16.00
avisaro_20160909;1473423643;09/09/2016;14:20:43;5975;6.0;0.1;52;57;45;12422;3.27;4;3867;1417281;1417520;002;198;4;16.00
avisaro_20160909;1473423667;09/09/2016;14:21:07;2977;3.0;0.0;52;57;46;6181;2.99;2;2728;1418241;1418360;002;199;4;16.00
avisaro_20160909;1473423708;09/09/2016;14:21:48;2975;3.0;0.0;52;57;45;6186;3.66;2;2729;1419881;1420000;002;200;4;16.00
avisaro_20160909;1473423714;09/09/2016;14:21:54;9975;10.0;0.2;52;57;45;20727;3.24;7;4996;1420121;1420520;002;201;4;16.00
avisaro_20160909;1473423725;09/09/2016;14:22:05;8975;9.0;0.1;52;58;46;18578;2.83;6;4729;1420561;1420920;002;202;4;16.00
avisaro_20160909;1473423747;09/09/2016;14:22:27;5975;6.0;0.1;52;57;45;12426;3.24;4;3868;1421441;1421680;002;203;4;16.00
avisaro_20160909;1473423774;09/09/2016;14:22:54;5975;6.0;0.1;52;58;45;12450;3.32;4;3872;1422521;1422760;002;204;4;16.00
avisaro_20160909;1473423790;09/09/2016;14:23:10;6975;7.0;0.1;52;58;45;14497;3.26;5;4178;1423161;1423440;002;205;4;16.00
avisaro_20160909;1473423803;09/09/2016;14:23:23;4975;5.0;0.1;52;58;45;10352;3.33;4;3530;1423681;1423880;002;206;4;16.00
avisaro_20160909;1473423812;09/09/2016;14:23:32;5975;6.0;0.1;52;57;45;12374;3.31;4;3860;1424041;1424280;002;207;4;16.00
avisaro_20160909;1473423830;09/09/2016;14:23:50;3975;4.0;0.1;52;57;45;8261;3.34;3;3154;1424761;1424920;002;208;4;16.00
avisaro_20160909;1473423836;09/09/2016;14:23:56;4975;5.0;0.1;52;57;46;10339;2.94;4;3528;1425001;1425200;002;209;4;16.00
avisaro_20160909;1473423846;09/09/2016;14:24:06;4975;5.0;0.1;52;59;45;10312;4.01;4;3524;1425401;1425600;002;210;4;16.00
avisaro_20160909;1473423853;09/09/2016;14:24:13;20975;21.0;0.3;52;58;44;43369;3.48;15;7226;1425681;1426520;002;211;4;16.00
avisaro_20160909;1473423877;09/09/2016;14:24:37;3975;4.0;0.1;52;60;45;8256;4.05;3;3153;1426641;1426800;002;212;4;16.00
avisaro_20160909;1473423884;09/09/2016;14:24:44;9975;10.0;0.2;52;60;44;20734;3.61;7;4996;1426921;1427320;002;213;4;16.00
avisaro_20160909;1473423901;09/09/2016;14:25:01;7975;8.0;0.1;52;59;45;16539;3.61;6;4462;1427601;1427920;002;214;4;16.00
avisaro_20160909;1473423915;09/09/2016;14:25:15;3975;4.0;0.1;52;57;45;8257;3.02;3;3153;1428161;1428320;002;215;4;16.00
avisaro_20160909;1473423939;09/09/2016;14:25:39;2975;3.0;0.0;52;56;45;6194;2.96;2;2731;1429121;1429240;002;216;4;16.00
avisaro_20160909;1473424051;09/09/2016;14:27:31;2975;3.0;0.0;52;56;46;6183;2.89;2;2728;1433601;1433720;002;217;4;16.00
avisaro_20160909;1473424097;09/09/2016;14:28:17;3975;4.0;0.1;52;57;46;8254;3.09;3;3152;1435441;1435600;002;218;4;16.00
avisaro_20160909;1473424113;09/09/2016;14:28:33;3975;4.0;0.1;52;56;45;8273;2.98;3;3156;1436081;1436240;002;219;4;16.00
avisaro_20160909;1473424303;09/09/2016;14:31:43;2975;3.0;0.0;52;57;46;6183;2.71;2;2728;1443681;1443800;002;220;5;16.00
avisaro_20160909;1473424510;09/09/2016;14:35:10;3975;4.0;0.1;52;57;45;8255;3.19;3;3153;1451961;1452120;002;221;5;16.00
avisaro_20160909;1473425797;09/09/2016;14:56:37;141977;142.0;2.4;53;61;45;299174;3.64;100;18979;1503441;1509120;002;222;5;16.00
avisaro_20160909;1473425941;09/09/2016;14:59:01;7975;8.0;0.1;53;59;44;16658;3.47;6;4478;1509201;1509520;002;223;5;16.00
avisaro_20160909;1473426010;09/09/2016;15:00:10;2976;3.0;0.0;52;57;46;6182;2.80;2;2728;1511961;1512080;002;224;5;16.00
avisaro_20160909;1473426603;09/09/2016;15:10:03;7975;8.0;0.1;52;58;45;16560;3.11;6;4465;1535681;1536000;002;225;5;16.00
avisaro_20160909;1473426768;09/09/2016;15:12:48;2975;3.0;0.0;52;56;45;6179;3.13;2;2728;1542281;1542400;002;226;5;16.00
avisaro_20160909;1473426792;09/09/2016;15:13:12;5975;6.0;0.1;52;57;45;12370;2.95;4;3859;1543241;1543480;002;227;5;16.00
avisaro_20160909;1473426799;09/09/2016;15:13:19;1975;2.0;0.0;52;56;45;4126;3.41;1;2229;1543521;1543600;002;228;5;16.00
avisaro_20160909;1473426805;09/09/2016;15:13:25;2975;3.0;0.0;52;57;46;6192;3.16;2;2730;1543761;1543880;002;229;5;16.00
avisaro_20160909;1473426822;09/09/2016;15:13:42;15975;16.0;0.3;53;60;45;33747;3.19;11;6374;1544441;1545080;002;230;5;16.00
avisaro_20160909;1473426950;09/09/2016;15:15:50;9975;10.0;0.2;52;57;45;20726;3.09;7;4995;1549561;1549960;002;231;5;16.00
avisaro_20160909;1473426981;09/09/2016;15:16:21;7975;8.0;0.1;52;58;45;16530;3.43;6;4461;1550801;1551120;002;232;5;16.00
avisaro_20160909;1473427035;09/09/2016;15:17:15;10975;11.0;0.2;52;58;44;22755;3.20;8;5234;1552961;1553400;002;233;5;16.00
avisaro_20160909;1473427046;09/09/2016;15:17:26;3975;4.0;0.1;52;58;45;8253;3.85;3;3152;1553401;1553560;002;234;5;16.00
avisaro_20160909;1473427059;09/09/2016;15:17:39;15975;16.0;0.3;52;57;46;33183;3.08;11;6321;1553921;1554560;002;235;5;16.00
avisaro_20160909;1473427081;09/09/2016;15:18:01;4975;5.0;0.1;52;58;46;10378;3.17;4;3535;1554801;1555000;002;236;5;16.00
avisaro_20160909;1473427093;09/09/2016;15:18:13;2975;3.0;0.0;52;57;45;6194;3.16;2;2731;1555281;1555400;002;237;5;16.00
avisaro_20160909;1473427098;09/09/2016;15:18:18;1976;2.0;0.0;52;59;45;4125;3.81;1;2229;1555481;1555560;002;238;5;16.00
avisaro_20160909;1473427101;09/09/2016;15:18:21;35975;36.0;0.6;53;60;44;74993;3.46;25;9502;1555601;1557040;002;239;5;16.00
avisaro_20160909;1473427140;09/09/2016;15:19:00;11975;12.0;0.2;52;57;45;24877;3.12;8;5473;1557161;1557640;002;240;5;16.00
avisaro_20160909;1473427152;09/09/2016;15:19:12;6975;7.0;0.1;52;59;44;14428;3.64;5;4168;1557641;1557920;002;241;5;16.00
avisaro_20160909;1473427164;09/09/2016;15:19:24;2975;3.0;0.0;52;56;46;6206;3.02;2;2734;1558121;1558240;002;242;5;16.00
avisaro_20160909;1473427173;09/09/2016;15:19:33;4975;5.0;0.1;52;60;45;10347;3.99;4;3530;1558481;1558680;002;243;5;16.00
avisaro_20160909;1473427197;09/09/2016;15:19:57;3975;4.0;0.1;52;57;45;8247;3.00;3;3151;1559441;1559600;002;244;5;16.00
avisaro_20160909;1473427214;09/09/2016;15:20:14;2975;3.0;0.0;52;58;47;6223;2.81;2;2737;1560121;1560240;002;245;5;16.00
avisaro_20160909;1473427221;09/09/2016;15:20:21;3975;4.0;0.1;52;57;46;8260;3.29;3;3154;1560401;1560560;002;246;5;16.00
avisaro_20160909;1473427238;09/09/2016;15:20:38;4975;5.0;0.1;52;58;46;10350;3.21;4;3530;1561081;1561280;002;247;5;16.00
avisaro_20160909;1473427252;09/09/2016;15:20:52;3975;4.0;0.1;52;56;46;8273;3.02;3;3156;1561641;1561800;002;248;5;16.00
avisaro_20160909;1473427308;09/09/2016;15:21:48;4975;5.0;0.1;52;57;45;10316;3.11;4;3524;1563881;1564080;002;249;5;16.00
avisaro_20160909;1473427333;09/09/2016;15:22:13;2976;3.0;0.0;52;57;45;6173;3.02;2;2726;1564881;1565000;002;250;5;16.00
avisaro_20160909;1473427346;09/09/2016;15:22:26;8975;9.0;0.1;52;57;45;18619;3.21;6;4735;1565401;1565760;002;251;5;16.00
avisaro_20160909;1473427355;09/09/2016;15:22:35;3975;4.0;0.1;52;57;46;8242;3.17;3;3150;1565761;1565920;002;252;5;16.00
avisaro_20160909;1473427360;09/09/2016;15:22:40;7975;8.0;0.1;52;57;45;16525;3.24;6;4461;1565961;1566280;002;253;5;16.00
avisaro_20160909;1473428528;09/09/2016;15:42:08;2975;3.0;0.0;52;58;46;6184;3.11;2;2729;1612681;1612800;002;254;5;16.00
avisaro_20160909;1473429038;09/09/2016;15:50:38;1975;2.0;0.0;52;56;45;4125;3.14;1;2229;1633081;1633160;002;255;5;16.00
avisaro_20160909;1473429048;09/09/2016;15:50:48;2975;3.0;0.0;52;58;46;6210;3.01;2;2734;1633481;1633600;002;256;5;16.00
avisaro_20160909;1473429084;09/09/2016;15:51:24;4975;5.0;0.1;52;57;46;10309;2.87;4;3523;1634921;1635120;002;257;5;16.00
avisaro_20160909;1473429089;09/09/2016;15:51:29;3975;4.0;0.1;52;57;45;8249;3.04;3;3151;1635121;1635280;002;258;5;16.00
avisaro_20160909;1473429364;09/09/2016;15:56:04;5975;6.0;0.1;52;57;45;12422;2.94;4;3867;1646121;1646360;002;259;5;16.00
avisaro_20160909;1473429371;09/09/2016;15:56:11;1975;2.0;0.0;52;57;47;4127;3.06;1;2229;1646401;1646480;002;260;5;16.00
avisaro_20160909;1473429374;09/09/2016;15:56:14;1975;2.0;0.0;52;58;46;4125;3.52;1;2229;1646521;1646600;002;261;5;16.00
avisaro_20160909;1473429380;09/09/2016;15:56:20;9975;10.0;0.2;52;57;46;20642;2.87;7;4985;1646761;1647160;002;262;5;16.00
avisaro_20160909;1473431020;09/09/2016;16:23:40;4975;5.0;0.1;52;56;45;10316;3.30;4;3524;1712361;1712560;002;263;5;16.00
avisaro_20160909;1473431132;09/09/2016;16:25:32;610989;611.0;10.2;54;65;44;1307313;3.77;432;39682;1716841;1741280;002;264;5;16.00
avisaro_20160909;1473431746;09/09/2016;16:35:46;71976;72.0;1.2;53;61;45;152135;3.52;51;13534;1741401;1744280;002;265;5;16.00
avisaro_20160909;1473431822;09/09/2016;16:37:02;1975;2.0;0.0;52;58;45;4120;4.09;1;2227;1744441;1744520;002;266;5;16.00
avisaro_20160909;1473431825;09/09/2016;16:37:05;1975;2.0;0.0;52;60;44;4123;4.27;1;2228;1744561;1744640;002;267;5;16.00
avisaro_20160909;1473431827;09/09/2016;16:37:07;11976;12.0;0.2;52;59;44;24837;4.17;8;5468;1744641;1745120;002;268;5;16.00
avisaro_20160909;1473431848;09/09/2016;16:37:28;1975;2.0;0.0;52;59;44;4122;4.15;1;2228;1745481;1745560;002;269;5;16.00
avisaro_20160909;1473431852;09/09/2016;16:37:32;16975;17.0;0.3;53;60;45;35496;3.75;12;6537;1745641;1746320;002;270;5;16.00
avisaro_20160909;1473431870;09/09/2016;16:37:50;13975;14.0;0.2;53;59;45;29397;3.55;10;5949;1746361;1746920;002;271;5;16.00
avisaro_20160909;1473431885;09/09/2016;16:38:05;7975;8.0;0.1;52;59;44;16526;4.15;6;4461;1746961;1747280;002;272;5;16.00
avisaro_20160909;1473431893;09/09/2016;16:38:13;51976;52.0;0.9;53;60;45;108888;3.64;37;11450;1747281;1749360;002;273;5;16.00
avisaro_20160909;1473431950;09/09/2016;16:39:10;1975;2.0;0.0;52;60;46;4139;3.88;1;2232;1749561;1749640;002;274;5;16.00
avisaro_20160909;1473431954;09/09/2016;16:39:14;2975;3.0;0.0;52;59;45;6213;3.50;2;2735;1749721;1749840;002;275;5;16.00
avisaro_20160909;1473432250;09/09/2016;16:44:10;6975;7.0;0.1;53;58;45;14579;3.83;5;4190;1761561;1761840;002;276;5;16.00
avisaro_20160909;1473432260;09/09/2016;16:44:20;15975;16.0;0.3;53;60;45;33475;3.71;11;6349;1761961;1762600;002;277;5;16.00
avisaro_20160909;1473432288;09/09/2016;16:44:48;15975;16.0;0.3;53;59;45;33298;3.47;11;6332;1763081;1763720;002;278;5;16.00
avisaro_20160909;1473432307;09/09/2016;16:45:07;11976;12.0;0.2;52;58;45;24942;3.40;8;5480;1763841;1764320;002;279;5;16.00
avisaro_20160909;1473432320;09/09/2016;16:45:20;19975;20.0;0.3;53;60;45;41711;3.54;14;7087;1764361;1765160;002;280;5;16.00
avisaro_20160909;1473432341;09/09/2016;16:45:41;15975;16.0;0.3;52;59;44;33265;3.57;11;6329;1765201;1765840;002;281;5;16.00
avisaro_20160909;1473432357;09/09/2016;16:45:57;33976;34.0;0.6;53;60;45;71292;3.58;24;9265;1765841;1767200;002;282;5;16.00
avisaro_20160909;1473432391;09/09/2016;16:46:31;11975;12.0;0.2;53;59;45;25031;3.49;8;5490;1767201;1767680;002;283;5;16.00
avisaro_20160909;1473432405;09/09/2016;16:46:45;10975;11.0;0.2;53;59;45;22940;3.51;8;5255;1767761;1768200;002;284;5;16.00
avisaro_20160909;1473432417;09/09/2016;16:46:57;53976;54.0;0.9;53;61;44;113497;3.53;38;11690;1768241;1770400;002;285;5;16.00
avisaro_20160909;1473432471;09/09/2016;16:47:51;11975;12.0;0.2;53;59;45;25200;3.45;8;5508;1770401;1770880;002;286;5;16.00
avisaro_20160909;1473432484;09/09/2016;16:48:04;224978;225.0;3.7;53;61;44;475221;3.62;159;23920;1770921;1779920;002;287;5;16.00
avisaro_20160909;1473432710;09/09/2016;16:51:50;12975;13.0;0.2;53;58;44;27132;3.67;9;5715;1779961;1780480;002;288;5;16.00
avisaro_20160909;1473432724;09/09/2016;16:52:04;49975;50.0;0.8;53;60;44;104786;3.69;35;11232;1780521;1782520;002;289;5;16.00
avisaro_20160909;1473432777;09/09/2016;16:52:57;5805065;5805.1;96.8;57;74;44;13129400;4.03;4105;125755;1782641;2014840;002;290;5;16.00
avisaro_20160909;1473438603;09/09/2016;18:30:03;5806064;5806.1;96.8;78;354;32;17901205;5.28;4106;242517;2015681;2247920;002;291;5;16.00
avisaro_20160909;1473445881;09/09/2016;20:31:21;45976;46.0;0.8;55;67;43;100878;4.22;33;11023;2306801;2308640;002;292;5;16.00
avisaro_20160929;1475174453;29/09/2016;20:40:53;3230009;3230.0;53.8;29;75;12;3725004;4.40;2284;34282;1;129200;002;1;5;16.00
avisaro_20160929;1475177751;29/09/2016;21:35:51;11975;12.0;0.2;35;76;10;16440;10.46;8;3271;131921;132400;002;2;7;16.00
avisaro_20160929;1475177834;29/09/2016;21:37:14;7976;8.0;0.1;43;113;12;13472;18.49;6;2063;135241;135560;002;3;7;16.00
avisaro_20160929;1475177901;29/09/2016;21:38:21;3975;4.0;0.1;25;125;11;3930;19.54;3;1113;137921;138080;002;4;7;16.00
avisaro_20160929;1475178367;29/09/2016;21:46:07;10975;11.0;0.2;113;275;9;49657;60.29;8;7740;156561;157000;002;5;7;16.00
avisaro_20160929;1475181381;29/09/2016;22:36:21;2975;3.0;0.0;28;204;10;3242;31.53;2;1453;277121;277240;002;6;7;16.00
avisaro_20160929;1475181434;29/09/2016;22:37:14;7975;8.0;0.1;52;345;11;16346;43.54;6;2275;279241;279560;002;7;7;16.00
avisaro_20160929;1475181452;29/09/2016;22:37:32;16975;17.0;0.3;73;360;11;49317;64.31;12;3963;279961;280640;002;8;7;16.00
avisaro_20160929;1475181469;29/09/2016;22:37:49;5975;6.0;0.1;84;357;9;19963;91.07;4;4907;280641;280880;002;9;7;16.00
avisaro_20160929;1475181475;29/09/2016;22:37:55;36975;37.0;0.6;32;98;8;46428;17.35;26;3833;280881;282360;002;10;7;16.00
avisaro_20160929;1475181515;29/09/2016;22:38:35;3975;4.0;0.1;23;34;15;3616;3.82;3;1067;282481;282640;002;11;7;16.00
avisaro_20160929;1475181519;29/09/2016;22:38:39;5975;6.0;0.1;23;31;15;5443;3.57;4;1309;282641;282880;002;12;7;16.00
avisaro_20160929;1475181525;29/09/2016;22:38:45;58975;59.0;1.0;25;74;15;57072;4.40;42;4240;282881;285240;002;13;7;16.00
avisaro_20160929;1475181599;29/09/2016;22:39:59;57976;58.0;1.0;44;212;15;101629;11.57;41;11062;285841;288160;002;14;7;16.00
avisaro_20160929;1475182116;29/09/2016;22:48:36;5975;6.0;0.1;46;329;11;10995;47.67;4;1867;306521;306760;002;15;7;16.00
avisaro_20160929;1475182211;29/09/2016;22:50:11;2975;3.0;0.0;25;155;10;2948;20.71;2;964;310321;310440;002;16;7;16.00
avisaro_20160929;1475182634;29/09/2016;22:57:14;5976;6.0;0.1;46;348;10;10982;48.87;4;3636;327241;327480;002;17;7;16.00
avisaro_20160929;1475182714;29/09/2016;22:58:34;2975;3.0;0.0;25;132;13;2997;17.90;2;972;330441;330560;002;18;7;16.00
avisaro_20160929;1475182797;29/09/2016;22:59:57;4975;5.0;0.1;37;316;11;7354;47.10;4;1526;333761;333960;002;19;7;16.00
avisaro_20160929;1475182812;29/09/2016;23:00:12;2975;3.0;0.0;24;149;12;2844;19.79;2;946;334361;334480;002;20;7;16.00
avisaro_20160929;1475184032;29/09/2016;23:20:32;4975;5.0;0.1;49;345;9;9775;53.96;4;2525;383161;383360;002;21;7;16.00
avisaro_20160929;1475184953;29/09/2016;23:35:53;6975;7.0;0.1;45;221;8;12333;32.82;5;1976;420001;420280;002;22;7;16.00
avisaro_20160929;1475186223;29/09/2016;23:57:03;6975;7.0;0.1;48;169;10;13291;24.05;5;4000;470801;471080;002;23;7;16.00
avisaro_20160929;1475186242;29/09/2016;23:57:22;17975;18.0;0.3;27;36;17;19241;3.80;13;2462;471561;472280;002;24;7;16.00
avisaro_20160929;1475186275;29/09/2016;23:57:55;2975;3.0;0.0;20;162;8;2368;23.16;2;864;472881;473000;002;25;7;16.00
avisaro_20160929;1475186366;29/09/2016;23:59:26;3975;4.0;0.1;43;351;10;6738;57.41;3;1460;476521;476680;002;26;7;16.00
avisaro_20160930;1475215430;30/09/2016;08:03:50;8975;9.0;0.1;101;360;9;36164;81.89;6;3397;575161;575520;002;1;2;16.00
avisaro_20160930;1475215512;30/09/2016;08:05:12;123975;124.0;2.1;37;232;12;178744;16.42;88;7521;578441;583400;002;2;2;16.00
avisaro_20160930;1475215636;30/09/2016;08:07:16;2975;3.0;0.0;21;26;14;2461;3.26;2;880;583401;583520;002;3;2;16.00
avisaro_20160930;1475215681;30/09/2016;08:08:01;38975;39.0;0.6;71;138;14;109816;22.94;28;18993;585201;586760;002;4;2;16.00
avisaro_20160930;1475215751;30/09/2016;08:09:11;8975;9.0;0.1;61;148;10;21679;30.06;6;3761;588001;588360;002;5;2;16.00
avisaro_20160930;1475215906;30/09/2016;08:11:46;41975;42.0;0.7;61;161;12;100828;17.97;30;14384;594201;595880;002;6;2;16.00
avisaro_20160930;1475216002;30/09/2016;08:13:22;4975;5.0;0.1;89;359;11;17753;97.68;4;7638;598041;598240;002;7;2;16.00
avisaro_20160930;1475223261;30/09/2016;10:14:21;41975;42.0;0.7;28;82;10;45914;8.31;30;3806;888401;890080;002;8;3;16.00
avisaro_20160930;1475223559;30/09/2016;10:19:19;4975;5.0;0.1;34;185;11;6755;28.54;4;1461;900321;900520;002;9;3;16.00
avisaro_20160930;1475223575;30/09/2016;10:19:35;3975;4.0;0.1;26;62;11;4055;12.21;3;1130;900961;901120;002;10;3;16.00
avisaro_20160930;1475223617;30/09/2016;10:20:17;18975;19.0;0.3;28;61;9;21089;6.54;13;2577;902641;903400;002;11;3;16.00
avisaro_20160930;1475223653;30/09/2016;10:20:53;3975;4.0;0.1;29;172;10;4598;24.05;3;1730;904081;904240;002;12;3;16.00
avisaro_20160930;1475233248;30/09/2016;13:00:48;2975;3.0;0.0;23;101;11;2713;13.96;2;924;1287881;1288000;002;13;4;16.00
avisaro_20160930;1475233615;30/09/2016;13:06:55;385975;386.0;6.4;29;359;10;435695;8.28;273;11743;1302561;1318000;002;14;4;16.00
avisaro_20160930;1475234008;30/09/2016;13:13:28;6975;7.0;0.1;21;30;12;5770;4.17;5;1348;1318281;1318560;002;15;4;16.00
avisaro_20160930;1475234077;30/09/2016;13:14:37;1975;2.0;0.0;21;29;13;1642;4.27;1;719;1321041;1321120;002;16;4;16.00
avisaro_20160930;1475234102;30/09/2016;13:15:02;29975;30.0;0.5;42;181;10;49728;19.92;21;3967;1322041;1323240;002;17;4;16.00
avisaro_20160930;1475234132;30/09/2016;13:15:32;13975;14.0;0.2;22;60;12;12078;5.38;10;1951;1323241;1323800;002;18;4;16.00
avisaro_20160930;1475234146;30/09/2016;13:15:46;5975;6.0;0.1;21;32;12;5021;4.50;4;1258;1323801;1324040;002;19;4;16.00
avisaro_20160930;1475234154;30/09/2016;13:15:54;2975;3.0;0.0;21;29;12;2470;4.38;2;882;1324121;1324240;002;20;4;16.00
avisaro_20160930;1475234168;30/09/2016;13:16:08;10975;11.0;0.2;43;84;12;18599;15.39;8;3481;1324681;1325120;002;21;4;16.00
avisaro_20160930;1475234179;30/09/2016;13:16:19;25975;26.0;0.4;22;32;11;22353;4.70;18;2654;1325121;1326160;002;22;4;16.00
avisaro_20160930;1475234207;30/09/2016;13:16:47;2975;3.0;0.0;21;29;12;2483;4.38;2;884;1326241;1326360;002;23;4;16.00
avisaro_20160930;1475241185;30/09/2016;15:13:05;2975;3.0;0.0;24;168;9;2794;23.99;2;938;1605361;1605480;002;24;4;16.00
avisaro_20160930;1475248095;30/09/2016;17:08:15;4294967295;999999.9;9999.9;29;65535;11;28173951;82.01;707107;95984;1881761;2869840;002;25;5;16.00
